Destination,Service,Src IP,Dst IP,Frame Size,Timestamp
172.217.14.238,benign,192.168.137.108,172.217.14.238,65,1552761561.194236
172.217.14.238,benign,192.168.137.108,172.217.14.238,65,1552761561.225005
172.217.14.238,benign,172.217.14.238,192.168.137.108,62,1552761561.249922
172.217.14.238,benign,172.217.14.238,192.168.137.108,62,1552761561.280225
192.168.137.255,benign,192.168.137.1,192.168.137.255,188,1552761582.744587
192.168.137.1,benign,192.168.137.108,192.168.137.1,78,1552761584.954712
192.168.137.108,benign,192.168.137.1,192.168.137.108,136,1552761584.972118
157.240.3.20,benign,192.168.137.108,157.240.3.20,74,1552761584.975264
157.240.3.20,benign,157.240.3.20,192.168.137.108,74,1552761585.005615
157.240.3.20,benign,192.168.137.108,157.240.3.20,66,1552761585.007692
157.240.3.20,benign,192.168.137.108,157.240.3.20,281,1552761585.013357
192.168.137.1,benign,192.168.137.108,192.168.137.1,83,1552761585.015036
192.168.137.108,benign,192.168.137.1,192.168.137.108,99,1552761585.031559
52.45.238.77,benign,192.168.137.108,52.45.238.77,74,1552761585.034164
157.240.3.20,benign,157.240.3.20,192.168.137.108,66,1552761585.043716
157.240.3.20,benign,157.240.3.20,192.168.137.108,1464,1552761585.044383
157.240.3.20,benign,157.240.3.20,192.168.137.108,1464,1552761585.045164
157.240.3.20,benign,157.240.3.20,192.168.137.108,309,1552761585.045401
157.240.3.20,benign,192.168.137.108,157.240.3.20,66,1552761585.047485
157.240.3.20,benign,192.168.137.108,157.240.3.20,66,1552761585.047793
157.240.3.20,benign,192.168.137.108,157.240.3.20,66,1552761585.047794
157.240.3.20,benign,192.168.137.108,157.240.3.20,200,1552761585.120596
52.45.238.77,benign,52.45.238.77,192.168.137.108,66,1552761585.12259
52.45.238.77,benign,192.168.137.108,52.45.238.77,54,1552761585.124196
52.45.238.77,benign,192.168.137.108,52.45.238.77,600,1552761585.127095
157.240.3.20,benign,157.240.3.20,192.168.137.108,332,1552761585.149487
157.240.3.20,benign,192.168.137.108,157.240.3.20,66,1552761585.151157
52.45.238.77,benign,52.45.238.77,192.168.137.108,54,1552761585.216564
52.45.238.77,benign,52.45.238.77,192.168.137.108,302,1552761585.217492
52.45.238.77,benign,192.168.137.108,52.45.238.77,54,1552761585.222083
52.45.238.77,benign,192.168.137.108,52.45.238.77,54,1552761585.227642
157.240.3.20,benign,192.168.137.108,157.240.3.20,663,1552761585.232247
192.168.137.1,benign,192.168.137.108,192.168.137.1,80,1552761585.28423
157.240.3.20,benign,192.168.137.108,157.240.3.20,74,1552761585.287165
192.168.137.1,benign,192.168.137.108,192.168.137.1,80,1552761585.287166
192.168.137.1,benign,192.168.137.108,192.168.137.1,82,1552761585.289158
157.240.3.20,benign,157.240.3.20,192.168.137.108,66,1552761585.301769
192.168.137.108,benign,192.168.137.1,192.168.137.108,96,1552761585.302432
52.2.100.167,benign,192.168.137.108,52.2.100.167,74,1552761585.31185
52.45.238.77,benign,52.45.238.77,192.168.137.108,54,1552761585.314862
52.45.238.77,benign,192.168.137.108,52.45.238.77,54,1552761585.316499
192.168.137.108,benign,192.168.137.1,192.168.137.108,114,1552761585.316619
107.21.27.97,benign,192.168.137.108,107.21.27.97,74,1552761585.320077
157.240.3.20,benign,157.240.3.20,192.168.137.108,1207,1552761585.321904
157.240.3.20,benign,157.240.3.20,192.168.137.108,74,1552761585.323513
157.240.3.20,benign,192.168.137.108,157.240.3.20,66,1552761585.323527
157.240.3.20,benign,192.168.137.108,157.240.3.20,66,1552761585.325579
157.240.3.20,benign,192.168.137.108,157.240.3.20,505,1552761585.328863
192.168.137.108,benign,192.168.137.1,192.168.137.108,176,1552761585.329294
35.168.126.99,benign,192.168.137.108,35.168.126.99,74,1552761585.333066
52.45.238.77,benign,192.168.137.108,52.45.238.77,74,1552761585.34743
157.240.3.20,benign,157.240.3.20,192.168.137.108,66,1552761585.364479
157.240.3.20,benign,157.240.3.20,192.168.137.108,211,1552761585.364815
157.240.3.20,benign,192.168.137.108,157.240.3.20,66,1552761585.368101
157.240.3.20,benign,192.168.137.108,157.240.3.20,125,1552761585.373519
52.2.100.167,benign,52.2.100.167,192.168.137.108,66,1552761585.395599
52.2.100.167,benign,192.168.137.108,52.2.100.167,54,1552761585.397147
52.2.100.167,benign,192.168.137.108,52.2.100.167,479,1552761585.404356
107.21.27.97,benign,107.21.27.97,192.168.137.108,74,1552761585.405653
107.21.27.97,benign,192.168.137.108,107.21.27.97,66,1552761585.408003
107.21.27.97,benign,192.168.137.108,107.21.27.97,285,1552761585.410766
35.168.126.99,benign,35.168.126.99,192.168.137.108,66,1552761585.418896
35.168.126.99,benign,192.168.137.108,35.168.126.99,54,1552761585.420494
35.168.126.99,benign,192.168.137.108,35.168.126.99,552,1552761585.428568
52.45.238.77,benign,52.45.238.77,192.168.137.108,66,1552761585.429321
52.45.238.77,benign,192.168.137.108,52.45.238.77,54,1552761585.430662
52.45.238.77,benign,192.168.137.108,52.45.238.77,645,1552761585.432575
157.240.3.20,benign,192.168.137.108,157.240.3.20,743,1552761585.433338
157.240.3.20,benign,157.240.3.20,192.168.137.108,66,1552761585.445549
157.240.3.20,benign,192.168.137.108,157.240.3.20,743,1552761585.448553
157.240.3.20,benign,157.240.3.20,192.168.137.108,66,1552761585.462721
157.240.3.20,benign,192.168.137.108,157.240.3.20,103,1552761585.464361
157.240.3.20,benign,157.240.3.20,192.168.137.108,66,1552761585.478568
157.240.3.20,benign,192.168.137.108,157.240.3.20,103,1552761585.480202
52.2.100.167,benign,52.2.100.167,192.168.137.108,54,1552761585.488531
52.2.100.167,benign,52.2.100.167,192.168.137.108,319,1552761585.489147
157.240.3.20,benign,157.240.3.20,192.168.137.108,66,1552761585.490593
52.2.100.167,benign,192.168.137.108,52.2.100.167,54,1552761585.492406
107.21.27.97,benign,107.21.27.97,192.168.137.108,66,1552761585.499114
107.21.27.97,benign,107.21.27.97,192.168.137.108,1514,1552761585.499538
107.21.27.97,benign,107.21.27.97,192.168.137.108,1514,1552761585.500428
107.21.27.97,benign,107.21.27.97,192.168.137.108,1514,1552761585.500588
107.21.27.97,benign,107.21.27.97,192.168.137.108,978,1552761585.500672
107.21.27.97,benign,192.168.137.108,107.21.27.97,66,1552761585.503482
107.21.27.97,benign,192.168.137.108,107.21.27.97,66,1552761585.503712
107.21.27.97,benign,192.168.137.108,107.21.27.97,66,1552761585.503714
107.21.27.97,benign,192.168.137.108,107.21.27.97,66,1552761585.503714
157.240.3.20,benign,157.240.3.20,192.168.137.108,66,1552761585.509855
35.168.126.99,benign,35.168.126.99,192.168.137.108,54,1552761585.511543
35.168.126.99,benign,35.168.126.99,192.168.137.108,906,1552761585.514595
52.45.238.77,benign,52.45.238.77,192.168.137.108,54,1552761585.515329
35.168.126.99,benign,192.168.137.108,35.168.126.99,54,1552761585.516354
52.45.238.77,benign,52.45.238.77,192.168.137.108,302,1552761585.517384
52.45.238.77,benign,192.168.137.108,52.45.238.77,54,1552761585.518679
52.2.100.167,benign,192.168.137.108,52.2.100.167,54,1552761585.529261
35.168.126.99,benign,192.168.137.108,35.168.126.99,54,1552761585.533574
52.45.238.77,benign,192.168.137.108,52.45.238.77,54,1552761585.547246
52.2.100.167,benign,52.2.100.167,192.168.137.108,54,1552761585.612473
35.168.126.99,benign,35.168.126.99,192.168.137.108,54,1552761585.615418
52.2.100.167,benign,192.168.137.108,52.2.100.167,54,1552761585.618204
35.168.126.99,benign,192.168.137.108,35.168.126.99,54,1552761585.620415
52.45.238.77,benign,52.45.238.77,192.168.137.108,54,1552761585.628837
52.45.238.77,benign,192.168.137.108,52.45.238.77,54,1552761585.63041
107.21.27.97,benign,192.168.137.108,107.21.27.97,200,1552761585.68127
172.217.14.238,benign,192.168.137.108,172.217.14.238,1392,1552761585.684625
172.217.14.238,benign,192.168.137.108,172.217.14.238,1392,1552761585.723411
172.217.14.238,benign,192.168.137.108,172.217.14.238,322,1552761585.723687
172.217.14.238,benign,192.168.137.108,172.217.14.238,184,1552761585.729668
172.217.14.238,benign,172.217.14.238,192.168.137.108,62,1552761585.742514
157.240.3.20,benign,157.240.3.20,192.168.137.108,743,1552761585.749149
172.217.14.238,benign,172.217.14.238,192.168.137.108,62,1552761585.759033
107.21.27.97,benign,107.21.27.97,192.168.137.108,348,1552761585.763463
107.21.27.97,benign,192.168.137.108,107.21.27.97,66,1552761585.765121
172.217.14.238,benign,192.168.137.108,172.217.14.238,190,1552761585.784174
157.240.3.20,benign,192.168.137.108,157.240.3.20,66,1552761585.785781
172.217.14.238,benign,172.217.14.238,192.168.137.108,62,1552761585.788386
192.168.137.1,benign,192.168.137.108,192.168.137.1,83,1552761585.801312
107.21.27.97,benign,192.168.137.108,107.21.27.97,551,1552761585.810598
192.168.137.108,benign,192.168.137.1,192.168.137.108,99,1552761585.816107
34.226.130.84,benign,192.168.137.108,34.226.130.84,74,1552761585.825261
172.217.14.238,benign,172.217.14.238,192.168.137.108,62,1552761585.84037
172.217.14.238,benign,172.217.14.238,192.168.137.108,1275,1552761585.856897
172.217.14.238,benign,172.217.14.238,192.168.137.108,162,1552761585.857093
172.217.14.238,benign,172.217.14.238,192.168.137.108,1275,1552761585.888938
107.21.27.97,benign,107.21.27.97,192.168.137.108,343,1552761585.89894
107.21.27.97,benign,107.21.27.97,192.168.137.108,103,1552761585.899142
107.21.27.97,benign,192.168.137.108,107.21.27.97,66,1552761585.900562
107.21.27.97,benign,192.168.137.108,107.21.27.97,66,1552761585.904664
34.226.130.84,benign,34.226.130.84,192.168.137.108,66,1552761585.908508
34.226.130.84,benign,192.168.137.108,34.226.130.84,54,1552761585.909997
107.21.27.97,benign,192.168.137.108,107.21.27.97,551,1552761585.917117
107.21.27.97,benign,107.21.27.97,192.168.137.108,343,1552761586.005722
107.21.27.97,benign,107.21.27.97,192.168.137.108,103,1552761586.005922
172.217.14.238,benign,192.168.137.108,172.217.14.238,70,1552761586.006106
157.240.3.20,benign,157.240.3.20,192.168.137.108,743,1552761586.009387
157.240.3.20,benign,192.168.137.108,157.240.3.20,66,1552761586.010985
172.217.14.238,benign,172.217.14.238,192.168.137.108,60,1552761586.013614
172.217.14.238,benign,192.168.137.108,172.217.14.238,70,1552761586.01614
107.21.27.97,benign,192.168.137.108,107.21.27.97,66,1552761586.03125
107.21.27.97,benign,192.168.137.108,107.21.27.97,551,1552761586.053654
34.226.130.84,benign,192.168.137.108,34.226.130.84,800,1552761586.074607
107.21.27.97,benign,107.21.27.97,192.168.137.108,343,1552761586.145624
107.21.27.97,benign,107.21.27.97,192.168.137.108,103,1552761586.145804
107.21.27.97,benign,192.168.137.108,107.21.27.97,66,1552761586.154937
34.226.130.84,benign,34.226.130.84,192.168.137.108,54,1552761586.15742
34.226.130.84,benign,34.226.130.84,192.168.137.108,362,1552761586.160478
34.226.130.84,benign,192.168.137.108,34.226.130.84,54,1552761586.229992
34.226.130.84,benign,192.168.137.108,34.226.130.84,54,1552761586.247494
34.226.130.84,benign,34.226.130.84,192.168.137.108,54,1552761586.329839
34.226.130.84,benign,192.168.137.108,34.226.130.84,54,1552761586.335794
172.217.14.238,benign,192.168.137.108,172.217.14.238,1392,1552761587.202522
172.217.14.238,benign,172.217.14.238,192.168.137.108,62,1552761587.258238
172.217.14.238,benign,192.168.137.108,172.217.14.238,1392,1552761587.346105
172.217.14.238,benign,192.168.137.108,172.217.14.238,321,1552761587.346245
172.217.14.238,benign,192.168.137.108,172.217.14.238,1392,1552761587.372028
172.217.14.238,benign,172.217.14.238,192.168.137.108,62,1552761587.377271
172.217.14.238,benign,192.168.137.108,172.217.14.238,268,1552761587.392183
192.168.137.1,benign,192.168.137.108,192.168.137.1,84,1552761587.416926
172.217.14.238,benign,172.217.14.238,192.168.137.108,62,1552761587.422109
192.168.137.108,benign,192.168.137.1,192.168.137.108,212,1552761587.432828
54.225.236.156,benign,192.168.137.108,54.225.236.156,74,1552761587.530277
54.225.236.156,benign,54.225.236.156,192.168.137.108,74,1552761587.61412
54.225.236.156,benign,192.168.137.108,54.225.236.156,66,1552761587.619871
54.225.236.156,benign,192.168.137.108,54.225.236.156,287,1552761587.641273
54.225.236.156,benign,54.225.236.156,192.168.137.108,66,1552761587.724819
54.225.236.156,benign,54.225.236.156,192.168.137.108,1514,1552761587.725717
54.225.236.156,benign,54.225.236.156,192.168.137.108,1514,1552761587.725912
54.225.236.156,benign,54.225.236.156,192.168.137.108,1266,1552761587.726165
54.225.236.156,benign,54.225.236.156,192.168.137.108,1514,1552761587.728728
54.225.236.156,benign,54.225.236.156,192.168.137.108,389,1552761587.728938
54.225.236.156,benign,192.168.137.108,54.225.236.156,66,1552761587.730911
54.225.236.156,benign,192.168.137.108,54.225.236.156,66,1552761587.731109
54.225.236.156,benign,192.168.137.108,54.225.236.156,66,1552761587.73111
54.225.236.156,benign,192.168.137.108,54.225.236.156,66,1552761587.731111
54.225.236.156,benign,192.168.137.108,54.225.236.156,66,1552761587.731395
172.217.14.238,benign,172.217.14.238,192.168.137.108,407,1552761587.731643
172.217.14.238,benign,172.217.14.238,192.168.137.108,1392,1552761587.733286
172.217.14.238,benign,172.217.14.238,192.168.137.108,1392,1552761587.733675
172.217.14.238,benign,172.217.14.238,192.168.137.108,1392,1552761587.733919
172.217.14.238,benign,172.217.14.238,192.168.137.108,1180,1552761587.734035
172.217.14.238,benign,172.217.14.238,192.168.137.108,140,1552761587.734261
172.217.14.238,benign,192.168.137.108,172.217.14.238,70,1552761587.749304
172.217.14.238,benign,192.168.137.108,172.217.14.238,70,1552761587.749305
172.217.14.238,benign,192.168.137.108,172.217.14.238,70,1552761587.7496
172.217.14.238,benign,172.217.14.238,192.168.137.108,407,1552761587.76917
172.217.14.238,benign,192.168.137.108,172.217.14.238,70,1552761588.086681
192.168.137.1,benign,192.168.137.108,192.168.137.1,88,1552761588.920489
192.168.137.108,benign,192.168.137.1,192.168.137.108,142,1552761588.934704
35.241.26.53,ads,192.168.137.108,35.241.26.53,74,1552761588.937295
35.241.26.53,ads,35.241.26.53,192.168.137.108,74,1552761588.970341
35.241.26.53,ads,192.168.137.108,35.241.26.53,66,1552761588.972002
35.241.26.53,ads,192.168.137.108,35.241.26.53,329,1552761588.983823
172.217.14.238,benign,192.168.137.108,172.217.14.238,861,1552761588.995503
35.241.26.53,ads,35.241.26.53,192.168.137.108,66,1552761589.016154
35.241.26.53,ads,35.241.26.53,192.168.137.108,1484,1552761589.024999
35.241.26.53,ads,35.241.26.53,192.168.137.108,1484,1552761589.025204
35.241.26.53,ads,35.241.26.53,192.168.137.108,580,1552761589.025693
35.241.26.53,ads,192.168.137.108,35.241.26.53,66,1552761589.026704
172.217.14.238,benign,172.217.14.238,192.168.137.108,66,1552761589.028052
35.241.26.53,ads,192.168.137.108,35.241.26.53,66,1552761589.028796
35.241.26.53,ads,192.168.137.108,35.241.26.53,66,1552761589.029096
54.225.236.156,benign,192.168.137.108,54.225.236.156,200,1552761589.13059
35.241.26.53,ads,192.168.137.108,35.241.26.53,216,1552761589.154217
35.241.26.53,ads,35.241.26.53,192.168.137.108,369,1552761589.185204
35.241.26.53,ads,192.168.137.108,35.241.26.53,66,1552761589.186887
54.225.236.156,benign,54.225.236.156,192.168.137.108,125,1552761589.215169
54.225.236.156,benign,192.168.137.108,54.225.236.156,66,1552761589.216659
35.241.26.53,ads,192.168.137.108,35.241.26.53,759,1552761589.224332
172.217.14.238,benign,172.217.14.238,192.168.137.108,470,1552761589.234152
172.217.14.238,benign,172.217.14.238,192.168.137.108,348,1552761589.234346
172.217.14.238,benign,172.217.14.238,192.168.137.108,92,1552761589.234424
172.217.14.238,benign,192.168.137.108,172.217.14.238,66,1552761589.237963
54.225.236.156,benign,192.168.137.108,54.225.236.156,999,1552761589.277914
172.217.14.238,benign,192.168.137.108,172.217.14.238,66,1552761589.285845
35.241.26.53,ads,35.241.26.53,192.168.137.108,66,1552761589.293511
35.241.26.53,ads,35.241.26.53,192.168.137.108,487,1552761589.313221
35.241.26.53,ads,192.168.137.108,35.241.26.53,66,1552761589.345886
54.225.236.156,benign,54.225.236.156,192.168.137.108,1367,1552761589.36612
54.225.236.156,benign,192.168.137.108,54.225.236.156,66,1552761589.367768
192.168.137.1,benign,192.168.137.108,192.168.137.1,81,1552761589.502889
192.168.137.108,benign,192.168.137.1,192.168.137.108,214,1552761589.53152
35.241.52.229,"ads,tracking",192.168.137.108,35.241.52.229,74,1552761589.558387
172.217.3.163,benign,192.168.137.108,172.217.3.163,327,1552761589.558647
35.241.52.229,"ads,tracking",35.241.52.229,192.168.137.108,74,1552761589.589304
35.241.52.229,"ads,tracking",192.168.137.108,35.241.52.229,66,1552761589.592496
172.217.3.163,benign,172.217.3.163,192.168.137.108,231,1552761589.595886
35.241.52.229,"ads,tracking",192.168.137.108,35.241.52.229,322,1552761589.59663
172.217.3.163,benign,192.168.137.108,172.217.3.163,66,1552761589.597531
35.241.52.229,"ads,tracking",35.241.52.229,192.168.137.108,66,1552761589.628766
35.241.52.229,"ads,tracking",35.241.52.229,192.168.137.108,1484,1552761589.631056
35.241.52.229,"ads,tracking",35.241.52.229,192.168.137.108,1484,1552761589.631194
35.241.52.229,"ads,tracking",35.241.52.229,192.168.137.108,749,1552761589.631342
35.241.52.229,"ads,tracking",192.168.137.108,35.241.52.229,66,1552761589.632727
35.241.52.229,"ads,tracking",192.168.137.108,35.241.52.229,66,1552761589.635055
35.241.52.229,"ads,tracking",192.168.137.108,35.241.52.229,66,1552761589.635381
192.168.137.1,benign,192.168.137.108,192.168.137.1,77,1552761589.794559
172.217.14.238,benign,192.168.137.108,172.217.14.238,1392,1552761589.802196
35.241.52.229,"ads,tracking",192.168.137.108,35.241.52.229,216,1552761589.8119
172.217.14.238,benign,192.168.137.108,172.217.14.238,1392,1552761589.812125
172.217.14.238,benign,192.168.137.108,172.217.14.238,347,1552761589.812396
172.217.14.238,benign,192.168.137.108,172.217.14.238,448,1552761589.813689
35.241.52.229,"ads,tracking",35.241.52.229,192.168.137.108,369,1552761589.839321
172.217.14.238,benign,172.217.14.238,192.168.137.108,62,1552761589.847995
172.217.14.238,benign,192.168.137.108,172.217.14.238,1392,1552761589.848869
35.241.52.229,"ads,tracking",192.168.137.108,35.241.52.229,66,1552761589.850442
192.168.137.108,benign,192.168.137.1,192.168.137.108,269,1552761589.852543
174.129.231.112,benign,192.168.137.108,174.129.231.112,74,1552761589.864506
35.241.52.229,"ads,tracking",192.168.137.108,35.241.52.229,967,1552761589.870292
172.217.14.238,benign,172.217.14.238,192.168.137.108,62,1552761589.873546
172.217.14.238,benign,172.217.14.238,192.168.137.108,62,1552761589.904951
35.241.52.229,"ads,tracking",35.241.52.229,192.168.137.108,66,1552761589.938678
35.241.52.229,"ads,tracking",35.241.52.229,192.168.137.108,135,1552761589.939782
174.129.231.112,benign,174.129.231.112,192.168.137.108,74,1552761589.948355
174.129.231.112,benign,192.168.137.108,174.129.231.112,66,1552761589.949826
174.129.231.112,benign,192.168.137.108,174.129.231.112,280,1552761589.952264
35.241.52.229,"ads,tracking",192.168.137.108,35.241.52.229,66,1552761589.975885
174.129.231.112,benign,174.129.231.112,192.168.137.108,66,1552761590.03834
174.129.231.112,benign,174.129.231.112,192.168.137.108,1514,1552761590.039246
174.129.231.112,benign,174.129.231.112,192.168.137.108,1514,1552761590.040223
174.129.231.112,benign,174.129.231.112,192.168.137.108,1266,1552761590.040518
35.241.52.229,"ads,tracking",35.241.52.229,192.168.137.108,231,1552761590.041706
174.129.231.112,benign,174.129.231.112,192.168.137.108,1514,1552761590.043124
174.129.231.112,benign,174.129.231.112,192.168.137.108,389,1552761590.04327
174.129.231.112,benign,192.168.137.108,174.129.231.112,66,1552761590.044356
174.129.231.112,benign,192.168.137.108,174.129.231.112,66,1552761590.044635
174.129.231.112,benign,192.168.137.108,174.129.231.112,66,1552761590.045073
35.241.52.229,"ads,tracking",192.168.137.108,35.241.52.229,66,1552761590.045074
174.129.231.112,benign,192.168.137.108,174.129.231.112,66,1552761590.045074
174.129.231.112,benign,192.168.137.108,174.129.231.112,66,1552761590.046823
157.240.3.20,benign,192.168.137.108,157.240.3.20,103,1552761590.059814
157.240.3.20,benign,192.168.137.108,157.240.3.20,66,1552761590.060469
157.240.3.20,benign,157.240.3.20,192.168.137.108,66,1552761590.091544
157.240.3.20,benign,157.240.3.20,192.168.137.108,103,1552761590.092149
157.240.3.20,benign,157.240.3.20,192.168.137.108,66,1552761590.092471
35.241.52.229,"ads,tracking",192.168.137.108,35.241.52.229,999,1552761590.093952
157.240.3.20,benign,192.168.137.108,157.240.3.20,54,1552761590.095263
157.240.3.20,benign,192.168.137.108,157.240.3.20,54,1552761590.095501
157.240.3.20,benign,157.240.3.20,192.168.137.108,66,1552761590.096187
157.240.3.20,benign,192.168.137.108,157.240.3.20,54,1552761590.097566
172.217.14.238,benign,172.217.14.238,192.168.137.108,379,1552761590.101104
172.217.14.238,benign,172.217.14.238,192.168.137.108,250,1552761590.101434
172.217.14.238,benign,192.168.137.108,172.217.14.238,70,1552761590.10548
35.241.52.229,"ads,tracking",35.241.52.229,192.168.137.108,66,1552761590.121868
174.129.231.112,benign,192.168.137.108,174.129.231.112,200,1552761590.148519
35.241.52.229,"ads,tracking",35.241.52.229,192.168.137.108,135,1552761590.160903
35.241.52.229,"ads,tracking",192.168.137.108,35.241.52.229,66,1552761590.164069
35.241.52.229,"ads,tracking",35.241.52.229,192.168.137.108,231,1552761590.20285
35.241.52.229,"ads,tracking",192.168.137.108,35.241.52.229,66,1552761590.207599
174.129.231.112,benign,174.129.231.112,192.168.137.108,125,1552761590.230199
174.129.231.112,benign,192.168.137.108,174.129.231.112,66,1552761590.231799
35.241.52.229,"ads,tracking",192.168.137.108,35.241.52.229,551,1552761590.295992
35.241.52.229,"ads,tracking",192.168.137.108,35.241.52.229,1434,1552761590.296281
174.129.231.112,benign,192.168.137.108,174.129.231.112,1223,1552761590.308414
35.241.52.229,"ads,tracking",35.241.52.229,192.168.137.108,66,1552761590.328577
35.241.52.229,"ads,tracking",192.168.137.108,35.241.52.229,239,1552761590.329833
192.168.137.1,benign,192.168.137.108,192.168.137.1,86,1552761590.363299
35.241.52.229,"ads,tracking",35.241.52.229,192.168.137.108,135,1552761590.363531
35.241.52.229,"ads,tracking",192.168.137.108,35.241.52.229,66,1552761590.365109
174.129.231.112,benign,174.129.231.112,192.168.137.108,199,1552761590.392282
174.129.231.112,benign,192.168.137.108,174.129.231.112,66,1552761590.393837
192.168.137.108,benign,192.168.137.1,192.168.137.108,184,1552761590.401677
172.217.14.234,benign,192.168.137.108,172.217.14.234,74,1552761590.404919
172.217.14.234,benign,172.217.14.234,192.168.137.108,74,1552761590.437538
172.217.14.234,benign,192.168.137.108,172.217.14.234,66,1552761590.439161
174.129.231.112,benign,192.168.137.108,174.129.231.112,1255,1552761590.450174
172.217.14.234,benign,192.168.137.108,172.217.14.234,239,1552761590.450175
172.217.14.234,benign,172.217.14.234,192.168.137.108,66,1552761590.486551
172.217.14.234,benign,172.217.14.234,192.168.137.108,1484,1552761590.494584
172.217.14.234,benign,172.217.14.234,192.168.137.108,1484,1552761590.494766
172.217.14.234,benign,172.217.14.234,192.168.137.108,843,1552761590.495029
35.241.52.229,"ads,tracking",35.241.52.229,192.168.137.108,231,1552761590.496846
172.217.14.234,benign,192.168.137.108,172.217.14.234,66,1552761590.501922
172.217.14.234,benign,192.168.137.108,172.217.14.234,66,1552761590.50213
172.217.14.234,benign,192.168.137.108,172.217.14.234,66,1552761590.502132
35.241.52.229,"ads,tracking",192.168.137.108,35.241.52.229,66,1552761590.502133
174.129.231.112,benign,174.129.231.112,192.168.137.108,199,1552761590.532511
174.129.231.112,benign,192.168.137.108,174.129.231.112,66,1552761590.534116
157.240.3.20,benign,192.168.137.108,157.240.3.20,103,1552761590.540072
157.240.3.20,benign,192.168.137.108,157.240.3.20,66,1552761590.54029
157.240.3.20,benign,157.240.3.20,192.168.137.108,66,1552761590.568479
157.240.3.20,benign,157.240.3.20,192.168.137.108,103,1552761590.56877
157.240.3.20,benign,157.240.3.20,192.168.137.108,66,1552761590.568983
157.240.3.20,benign,192.168.137.108,157.240.3.20,54,1552761590.572215
157.240.3.20,benign,192.168.137.108,157.240.3.20,54,1552761590.572412
35.241.52.229,"ads,tracking",192.168.137.108,35.241.52.229,551,1552761590.572778
35.241.52.229,"ads,tracking",192.168.137.108,35.241.52.229,1434,1552761590.573261
172.217.14.234,benign,192.168.137.108,172.217.14.234,74,1552761590.573567
157.240.3.20,benign,157.240.3.20,192.168.137.108,66,1552761590.574077
157.240.3.20,benign,192.168.137.108,157.240.3.20,54,1552761590.575396
35.241.52.229,"ads,tracking",35.241.52.229,192.168.137.108,66,1552761590.606118
35.241.52.229,"ads,tracking",192.168.137.108,35.241.52.229,239,1552761590.607767
172.217.14.234,benign,172.217.14.234,192.168.137.108,74,1552761590.610526
172.217.14.234,benign,192.168.137.108,172.217.14.234,66,1552761590.612016
172.217.14.234,benign,192.168.137.108,172.217.14.234,239,1552761590.617533
172.217.14.234,benign,192.168.137.108,172.217.14.234,151,1552761590.622909
35.241.52.229,"ads,tracking",35.241.52.229,192.168.137.108,135,1552761590.640151
35.241.52.229,"ads,tracking",192.168.137.108,35.241.52.229,66,1552761590.641901
172.217.14.234,benign,172.217.14.234,192.168.137.108,66,1552761590.650552
172.217.14.234,benign,172.217.14.234,192.168.137.108,109,1552761590.654096
172.217.14.234,benign,192.168.137.108,172.217.14.234,66,1552761590.655739
172.217.14.234,benign,172.217.14.234,192.168.137.108,1484,1552761590.658523
172.217.14.234,benign,172.217.14.234,192.168.137.108,1484,1552761590.658771
172.217.14.234,benign,172.217.14.234,192.168.137.108,843,1552761590.659042
172.217.14.234,benign,192.168.137.108,172.217.14.234,66,1552761590.660125
172.217.14.234,benign,192.168.137.108,172.217.14.234,66,1552761590.66235
172.217.14.234,benign,192.168.137.108,172.217.14.234,66,1552761590.662604
35.241.52.229,"ads,tracking",35.241.52.229,192.168.137.108,231,1552761590.775844
35.241.52.229,"ads,tracking",192.168.137.108,35.241.52.229,66,1552761590.781402
172.217.14.234,benign,192.168.137.108,172.217.14.234,821,1552761590.793475
172.217.14.234,benign,172.217.14.234,192.168.137.108,516,1552761590.835245
172.217.14.234,benign,172.217.14.234,192.168.137.108,507,1552761590.835587
172.217.14.234,benign,172.217.14.234,192.168.137.108,133,1552761590.835791
172.217.14.234,benign,172.217.14.234,192.168.137.108,92,1552761590.835882
172.217.14.234,benign,192.168.137.108,172.217.14.234,66,1552761590.836914
172.217.14.234,benign,192.168.137.108,172.217.14.234,66,1552761590.838951
172.217.14.234,benign,192.168.137.108,172.217.14.234,66,1552761590.842949
172.217.14.234,benign,192.168.137.108,172.217.14.234,151,1552761590.861087
172.217.14.234,benign,172.217.14.234,192.168.137.108,109,1552761590.891572
172.217.14.234,benign,192.168.137.108,172.217.14.234,66,1552761590.893225
172.217.14.234,benign,192.168.137.108,172.217.14.234,937,1552761590.935863
172.217.14.234,benign,172.217.14.234,192.168.137.108,516,1552761590.977634
172.217.14.234,benign,172.217.14.234,192.168.137.108,501,1552761590.978128
172.217.14.234,benign,172.217.14.234,192.168.137.108,183,1552761590.978314
172.217.14.234,benign,172.217.14.234,192.168.137.108,92,1552761590.978593
172.217.14.234,benign,192.168.137.108,172.217.14.234,66,1552761590.979955
172.217.14.234,benign,192.168.137.108,172.217.14.234,66,1552761590.981709
172.217.14.234,benign,192.168.137.108,172.217.14.234,66,1552761590.998567
172.217.3.163,benign,192.168.137.108,172.217.3.163,327,1552761592.626336
172.217.3.163,benign,172.217.3.163,192.168.137.108,231,1552761592.655639
172.217.3.163,benign,192.168.137.108,172.217.3.163,66,1552761592.65772
52.45.238.77,benign,192.168.137.108,52.45.238.77,74,1552761595.271062
52.45.238.77,benign,52.45.238.77,192.168.137.108,66,1552761595.355092
52.45.238.77,benign,192.168.137.108,52.45.238.77,54,1552761595.361013
52.45.238.77,benign,192.168.137.108,52.45.238.77,580,1552761595.363395
52.45.238.77,benign,52.45.238.77,192.168.137.108,54,1552761595.451454
52.45.238.77,benign,52.45.238.77,192.168.137.108,395,1552761595.452075
52.45.238.77,benign,192.168.137.108,52.45.238.77,54,1552761595.457221
52.45.238.77,benign,192.168.137.108,52.45.238.77,54,1552761595.461765
52.45.238.77,benign,52.45.238.77,192.168.137.108,54,1552761595.546064
52.45.238.77,benign,192.168.137.108,52.45.238.77,54,1552761595.551926
35.168.126.99,benign,192.168.137.108,35.168.126.99,74,1552761595.582376
35.168.126.99,benign,192.168.137.108,35.168.126.99,74,1552761595.635817
35.168.126.99,benign,35.168.126.99,192.168.137.108,66,1552761595.667322
35.168.126.99,benign,192.168.137.108,35.168.126.99,54,1552761595.668934
35.168.126.99,benign,192.168.137.108,35.168.126.99,576,1552761595.670954
35.168.126.99,benign,192.168.137.108,35.168.126.99,74,1552761595.702579
35.168.126.99,benign,35.168.126.99,192.168.137.108,66,1552761595.72322
35.168.126.99,benign,192.168.137.108,35.168.126.99,54,1552761595.724884
35.168.126.99,benign,192.168.137.108,35.168.126.99,588,1552761595.72678
35.168.126.99,benign,35.168.126.99,192.168.137.108,54,1552761595.759532
35.168.126.99,benign,35.168.126.99,192.168.137.108,906,1552761595.762385
35.168.126.99,benign,192.168.137.108,35.168.126.99,54,1552761595.764116
35.168.126.99,benign,192.168.137.108,35.168.126.99,54,1552761595.765764
35.168.126.99,benign,35.168.126.99,192.168.137.108,66,1552761595.785226
35.168.126.99,benign,192.168.137.108,35.168.126.99,54,1552761595.786567
35.168.126.99,benign,35.168.126.99,192.168.137.108,54,1552761595.816386
35.168.126.99,benign,35.168.126.99,192.168.137.108,354,1552761595.819191
35.168.126.99,benign,192.168.137.108,35.168.126.99,54,1552761595.820722
35.168.126.99,benign,35.168.126.99,192.168.137.108,54,1552761595.85107
35.168.126.99,benign,192.168.137.108,35.168.126.99,54,1552761595.852439
35.168.126.99,benign,192.168.137.108,35.168.126.99,54,1552761595.863698
35.168.126.99,benign,192.168.137.108,35.168.126.99,74,1552761595.898134
35.168.126.99,benign,192.168.137.108,35.168.126.99,74,1552761595.90143
35.168.126.99,benign,192.168.137.108,35.168.126.99,1080,1552761595.919946
35.168.126.99,benign,35.168.126.99,192.168.137.108,54,1552761595.949859
35.168.126.99,benign,192.168.137.108,35.168.126.99,54,1552761595.95154
35.168.126.99,benign,35.168.126.99,192.168.137.108,66,1552761595.98242
35.168.126.99,benign,192.168.137.108,35.168.126.99,54,1552761595.984027
35.168.126.99,benign,192.168.137.108,35.168.126.99,588,1552761595.98552
35.168.126.99,benign,35.168.126.99,192.168.137.108,66,1552761595.987321
35.168.126.99,benign,192.168.137.108,35.168.126.99,54,1552761595.988879
35.168.126.99,benign,192.168.137.108,35.168.126.99,599,1552761595.990313
35.168.126.99,benign,35.168.126.99,192.168.137.108,54,1552761596.002543
35.168.126.99,benign,35.168.126.99,192.168.137.108,444,1552761596.003156
35.168.126.99,benign,192.168.137.108,35.168.126.99,54,1552761596.006288
35.168.126.99,benign,192.168.137.108,35.168.126.99,54,1552761596.008433
35.168.126.99,benign,35.168.126.99,192.168.137.108,54,1552761596.072364
35.168.126.99,benign,35.168.126.99,192.168.137.108,354,1552761596.07299
35.168.126.99,benign,35.168.126.99,192.168.137.108,54,1552761596.077303
35.168.126.99,benign,35.168.126.99,192.168.137.108,492,1552761596.077986
35.168.126.99,benign,192.168.137.108,35.168.126.99,54,1552761596.07799
35.168.126.99,benign,192.168.137.108,35.168.126.99,54,1552761596.079581
35.168.126.99,benign,192.168.137.108,35.168.126.99,54,1552761596.080891
35.168.126.99,benign,192.168.137.108,35.168.126.99,54,1552761596.082381
35.168.126.99,benign,35.168.126.99,192.168.137.108,54,1552761596.091253
35.168.126.99,benign,192.168.137.108,35.168.126.99,54,1552761596.092931
35.168.126.99,benign,192.168.137.108,35.168.126.99,74,1552761596.107856
35.168.126.99,benign,35.168.126.99,192.168.137.108,54,1552761596.165435
35.168.126.99,benign,35.168.126.99,192.168.137.108,54,1552761596.169358
192.168.137.1,benign,192.168.137.108,192.168.137.1,85,1552761596.170975
35.168.126.99,benign,192.168.137.108,35.168.126.99,54,1552761596.171403
35.168.126.99,benign,192.168.137.108,35.168.126.99,54,1552761596.171696
192.168.137.108,benign,192.168.137.1,192.168.137.108,101,1552761596.189248
35.168.126.99,benign,35.168.126.99,192.168.137.108,66,1552761596.191409
18.235.158.238,benign,192.168.137.108,18.235.158.238,74,1552761596.19214
35.168.126.99,benign,192.168.137.108,35.168.126.99,54,1552761596.193088
35.168.126.99,benign,192.168.137.108,35.168.126.99,599,1552761596.195343
18.235.158.238,benign,18.235.158.238,192.168.137.108,66,1552761596.27545
35.168.126.99,benign,35.168.126.99,192.168.137.108,54,1552761596.279244
35.168.126.99,benign,35.168.126.99,192.168.137.108,492,1552761596.281173
18.235.158.238,benign,192.168.137.108,18.235.158.238,54,1552761596.281445
35.168.126.99,benign,192.168.137.108,35.168.126.99,54,1552761596.283721
35.168.126.99,benign,192.168.137.108,35.168.126.99,54,1552761596.285733
18.235.158.238,benign,192.168.137.108,18.235.158.238,74,1552761596.304898
35.168.126.99,benign,35.168.126.99,192.168.137.108,54,1552761596.368207
18.235.158.238,benign,192.168.137.108,18.235.158.238,618,1552761596.368237
35.168.126.99,benign,192.168.137.108,35.168.126.99,54,1552761596.369799
18.235.158.238,benign,18.235.158.238,192.168.137.108,66,1552761596.388342
18.235.158.238,benign,192.168.137.108,18.235.158.238,54,1552761596.390565
18.235.158.238,benign,192.168.137.108,18.235.158.238,618,1552761596.426961
18.235.158.238,benign,18.235.158.238,192.168.137.108,54,1552761596.455206
18.235.158.238,benign,18.235.158.238,192.168.137.108,1514,1552761596.457467
18.235.158.238,benign,18.235.158.238,192.168.137.108,64,1552761596.457671
18.235.158.238,benign,18.235.158.238,192.168.137.108,59,1552761596.457758
18.235.158.238,benign,192.168.137.108,18.235.158.238,54,1552761596.459492
18.235.158.238,benign,192.168.137.108,18.235.158.238,54,1552761596.46151
18.235.158.238,benign,192.168.137.108,18.235.158.238,54,1552761596.461765
107.21.27.97,benign,192.168.137.108,107.21.27.97,103,1552761596.465764
107.21.27.97,benign,192.168.137.108,107.21.27.97,66,1552761596.467297
18.235.158.238,benign,18.235.158.238,192.168.137.108,54,1552761596.511412
18.235.158.238,benign,18.235.158.238,192.168.137.108,1514,1552761596.513304
18.235.158.238,benign,18.235.158.238,192.168.137.108,64,1552761596.513465
18.235.158.238,benign,18.235.158.238,192.168.137.108,59,1552761596.513539
18.235.158.238,benign,192.168.137.108,18.235.158.238,54,1552761596.515509
18.235.158.238,benign,192.168.137.108,18.235.158.238,54,1552761596.515853
18.235.158.238,benign,192.168.137.108,18.235.158.238,54,1552761596.516137
35.241.26.53,ads,192.168.137.108,35.241.26.53,119,1552761596.51997
35.241.26.53,ads,192.168.137.108,35.241.26.53,66,1552761596.5202
107.21.27.97,benign,107.21.27.97,192.168.137.108,66,1552761596.551477
107.21.27.97,benign,192.168.137.108,107.21.27.97,66,1552761596.553213
35.241.26.53,ads,35.241.26.53,192.168.137.108,66,1552761596.553439
35.241.26.53,ads,35.241.26.53,192.168.137.108,66,1552761596.553809
35.241.26.53,ads,192.168.137.108,35.241.26.53,66,1552761596.55662
216.58.193.78,benign,192.168.137.108,216.58.193.78,395,1552761600.147235
216.58.193.78,benign,216.58.193.78,192.168.137.108,984,1552761600.188303
216.58.193.78,benign,192.168.137.108,216.58.193.78,66,1552761600.190134
157.240.3.20,benign,192.168.137.108,157.240.3.20,74,1552761600.295154
157.240.3.20,benign,157.240.3.20,192.168.137.108,74,1552761600.324939
157.240.3.20,benign,192.168.137.108,157.240.3.20,66,1552761600.327042
157.240.3.20,benign,192.168.137.108,157.240.3.20,505,1552761600.332914
157.240.3.20,benign,157.240.3.20,192.168.137.108,66,1552761600.364357
157.240.3.20,benign,157.240.3.20,192.168.137.108,211,1552761600.364589
157.240.3.20,benign,192.168.137.108,157.240.3.20,66,1552761600.368468
157.240.3.20,benign,192.168.137.108,157.240.3.20,125,1552761600.372275
216.58.193.78,benign,192.168.137.108,216.58.193.78,953,1552761600.379823
157.240.3.20,benign,192.168.137.108,157.240.3.20,1464,1552761600.408592
216.58.193.78,benign,216.58.193.78,192.168.137.108,372,1552761600.419185
216.58.193.78,benign,192.168.137.108,216.58.193.78,66,1552761600.420924
157.240.3.20,benign,157.240.3.20,192.168.137.108,66,1552761600.436927
157.240.3.20,benign,192.168.137.108,157.240.3.20,731,1552761600.447773
157.240.3.20,benign,157.240.3.20,192.168.137.108,66,1552761600.515522
157.240.3.20,benign,157.240.3.20,192.168.137.108,743,1552761600.735688
54.225.236.156,benign,192.168.137.108,54.225.236.156,103,1552761600.803316
54.225.236.156,benign,192.168.137.108,54.225.236.156,66,1552761600.80367
157.240.3.20,benign,192.168.137.108,157.240.3.20,66,1552761600.826097
157.240.3.20,benign,157.240.3.20,192.168.137.108,743,1552761600.832651
157.240.3.20,benign,192.168.137.108,157.240.3.20,78,1552761600.834296
54.225.236.156,benign,54.225.236.156,192.168.137.108,103,1552761600.887131
54.225.236.156,benign,54.225.236.156,192.168.137.108,66,1552761600.887451
54.225.236.156,benign,54.225.236.156,192.168.137.108,66,1552761600.891979
54.225.236.156,benign,192.168.137.108,54.225.236.156,54,1552761600.892805
54.225.236.156,benign,192.168.137.108,54.225.236.156,54,1552761600.893161
54.225.236.156,benign,192.168.137.108,54.225.236.156,54,1552761600.893486
172.217.14.238,benign,192.168.137.108,172.217.14.238,65,1552761604.817843
172.217.14.238,benign,192.168.137.108,172.217.14.238,65,1552761604.850694
172.217.14.238,benign,172.217.14.238,192.168.137.108,62,1552761604.873233
172.217.14.238,benign,172.217.14.238,192.168.137.108,62,1552761604.905902
192.168.137.255,benign,192.168.137.1,192.168.137.255,188,1552761612.878719
35.241.52.229,"ads,tracking",192.168.137.108,35.241.52.229,1434,1552761615.254733
35.241.52.229,"ads,tracking",192.168.137.108,35.241.52.229,1434,1552761615.255057
35.241.52.229,"ads,tracking",192.168.137.108,35.241.52.229,1434,1552761615.255281
192.168.137.1,benign,192.168.137.108,192.168.137.1,82,1552761615.256862
192.168.137.108,benign,192.168.137.1,192.168.137.108,114,1552761615.274593
107.21.27.97,benign,192.168.137.108,107.21.27.97,74,1552761615.277334
35.241.52.229,"ads,tracking",35.241.52.229,192.168.137.108,78,1552761615.289209
35.241.52.229,"ads,tracking",35.241.52.229,192.168.137.108,78,1552761615.292555
35.241.52.229,"ads,tracking",192.168.137.108,35.241.52.229,551,1552761615.294204
35.241.52.229,"ads,tracking",35.241.52.229,192.168.137.108,66,1552761615.322549
35.241.52.229,"ads,tracking",192.168.137.108,35.241.52.229,815,1552761615.324456
35.241.52.229,"ads,tracking",35.241.52.229,192.168.137.108,66,1552761615.35177
107.21.27.97,benign,107.21.27.97,192.168.137.108,74,1552761615.360505
35.241.52.229,"ads,tracking",35.241.52.229,192.168.137.108,135,1552761615.36242
107.21.27.97,benign,192.168.137.108,107.21.27.97,66,1552761615.387974
35.241.52.229,"ads,tracking",192.168.137.108,35.241.52.229,66,1552761615.388211
107.21.27.97,benign,192.168.137.108,107.21.27.97,525,1552761615.390737
107.21.27.97,benign,107.21.27.97,192.168.137.108,66,1552761615.475568
107.21.27.97,benign,107.21.27.97,192.168.137.108,211,1552761615.475866
35.241.52.229,"ads,tracking",35.241.52.229,192.168.137.108,231,1552761615.478879
107.21.27.97,benign,192.168.137.108,107.21.27.97,66,1552761615.48127
35.241.52.229,"ads,tracking",192.168.137.108,35.241.52.229,66,1552761615.481487
107.21.27.97,benign,192.168.137.108,107.21.27.97,125,1552761615.482407
107.21.27.97,benign,107.21.27.97,192.168.137.108,66,1552761615.610526
107.21.27.97,benign,192.168.137.108,107.21.27.97,727,1552761615.616446
107.21.27.97,benign,107.21.27.97,192.168.137.108,66,1552761615.697186
107.21.27.97,benign,107.21.27.97,192.168.137.108,375,1552761615.706446
107.21.27.97,benign,107.21.27.97,192.168.137.108,103,1552761615.706628
107.21.27.97,benign,192.168.137.108,107.21.27.97,66,1552761615.722111
174.129.231.112,benign,192.168.137.108,174.129.231.112,103,1552761615.723318
174.129.231.112,benign,192.168.137.108,174.129.231.112,66,1552761615.723775
174.129.231.112,benign,174.129.231.112,192.168.137.108,103,1552761615.808887
174.129.231.112,benign,174.129.231.112,192.168.137.108,66,1552761615.809231
174.129.231.112,benign,192.168.137.108,174.129.231.112,54,1552761615.814499
174.129.231.112,benign,192.168.137.108,174.129.231.112,54,1552761615.814715
192.168.137.1,benign,192.168.137.108,192.168.137.1,75,1552761619.493737
192.168.137.108,benign,192.168.137.1,192.168.137.108,268,1552761619.508137
52.31.118.175,benign,192.168.137.108,52.31.118.175,74,1552761619.512601
52.31.118.175,benign,52.31.118.175,192.168.137.108,74,1552761619.668435
52.31.118.175,benign,192.168.137.108,52.31.118.175,66,1552761619.674189
52.31.118.175,benign,192.168.137.108,52.31.118.175,278,1552761619.679746
52.31.118.175,benign,52.31.118.175,192.168.137.108,66,1552761619.834809
52.31.118.175,benign,52.31.118.175,192.168.137.108,1514,1552761619.836408
52.31.118.175,benign,52.31.118.175,192.168.137.108,1514,1552761619.836596
52.31.118.175,benign,52.31.118.175,192.168.137.108,465,1552761619.836683
52.31.118.175,benign,192.168.137.108,52.31.118.175,66,1552761619.843608
52.31.118.175,benign,192.168.137.108,52.31.118.175,66,1552761619.843826
52.31.118.175,benign,192.168.137.108,52.31.118.175,66,1552761619.844092
52.31.118.175,benign,192.168.137.108,52.31.118.175,200,1552761619.961646
52.31.118.175,benign,52.31.118.175,192.168.137.108,125,1552761620.113506
52.31.118.175,benign,192.168.137.108,52.31.118.175,66,1552761620.143863
52.31.118.175,benign,192.168.137.108,52.31.118.175,407,1552761620.176114
52.31.118.175,benign,192.168.137.108,52.31.118.175,1514,1552761620.176705
52.31.118.175,benign,52.31.118.175,192.168.137.108,66,1552761620.334093
52.31.118.175,benign,192.168.137.108,52.31.118.175,287,1552761620.340064
52.31.118.175,benign,52.31.118.175,192.168.137.108,295,1552761620.495841
18.235.158.238,benign,192.168.137.108,18.235.158.238,54,1552761620.508872
52.31.118.175,benign,192.168.137.108,52.31.118.175,66,1552761620.537246
192.168.137.1,benign,192.168.137.108,192.168.137.1,77,1552761620.544518
192.168.137.108,benign,192.168.137.1,192.168.137.108,125,1552761620.576352
52.49.94.193,ads,192.168.137.108,52.49.94.193,74,1552761620.579964
18.235.158.238,benign,18.235.158.238,192.168.137.108,54,1552761620.591703
18.235.158.238,benign,192.168.137.108,18.235.158.238,54,1552761620.593613
52.49.94.193,ads,52.49.94.193,192.168.137.108,74,1552761620.734637
52.49.94.193,ads,192.168.137.108,52.49.94.193,66,1552761620.741342
52.49.94.193,ads,192.168.137.108,52.49.94.193,280,1552761620.753242
52.49.94.193,ads,52.49.94.193,192.168.137.108,66,1552761620.90687
52.49.94.193,ads,52.49.94.193,192.168.137.108,1514,1552761620.908716
52.49.94.193,ads,52.49.94.193,192.168.137.108,1514,1552761620.909002
52.49.94.193,ads,52.49.94.193,192.168.137.108,465,1552761620.90909
52.49.94.193,ads,192.168.137.108,52.49.94.193,66,1552761620.91537
52.49.94.193,ads,192.168.137.108,52.49.94.193,66,1552761620.915589
52.49.94.193,ads,192.168.137.108,52.49.94.193,66,1552761620.915844
52.49.94.193,ads,192.168.137.108,52.49.94.193,200,1552761621.020479
52.49.94.193,ads,52.49.94.193,192.168.137.108,125,1552761621.173166
52.49.94.193,ads,192.168.137.108,52.49.94.193,66,1552761621.269952
52.49.94.193,ads,192.168.137.108,52.49.94.193,391,1552761621.323973
52.49.94.193,ads,52.49.94.193,192.168.137.108,66,1552761621.519475
52.49.94.193,ads,52.49.94.193,192.168.137.108,359,1552761626.503758
52.49.94.193,ads,52.49.94.193,192.168.137.108,103,1552761626.504375
52.49.94.193,ads,192.168.137.108,52.49.94.193,66,1552761626.601321
52.49.94.193,ads,192.168.137.108,52.49.94.193,66,1552761626.603916
52.49.94.193,ads,192.168.137.108,52.49.94.193,103,1552761626.609815
52.49.94.193,ads,192.168.137.108,52.49.94.193,66,1552761626.611256
52.49.94.193,ads,52.49.94.193,192.168.137.108,66,1552761626.764837
52.49.94.193,ads,52.49.94.193,192.168.137.108,66,1552761626.765019
52.49.94.193,ads,192.168.137.108,52.49.94.193,54,1552761626.771826
52.49.94.193,ads,192.168.137.108,52.49.94.193,54,1552761626.772057
35.241.52.229,"ads,tracking",192.168.137.108,35.241.52.229,999,1552761631.400923
35.241.52.229,"ads,tracking",35.241.52.229,192.168.137.108,135,1552761631.474464
35.241.52.229,"ads,tracking",192.168.137.108,35.241.52.229,66,1552761631.480385
35.241.52.229,"ads,tracking",35.241.52.229,192.168.137.108,231,1552761631.644314
35.241.52.229,"ads,tracking",192.168.137.108,35.241.52.229,66,1552761631.650676
192.168.137.255,benign,192.168.137.1,192.168.137.255,188,1552761643.058293
35.241.52.229,"ads,tracking",192.168.137.108,35.241.52.229,999,1552761646.728888
35.241.52.229,"ads,tracking",35.241.52.229,192.168.137.108,135,1552761646.819262
35.241.52.229,"ads,tracking",192.168.137.108,35.241.52.229,66,1552761646.825182
35.241.52.229,"ads,tracking",35.241.52.229,192.168.137.108,231,1552761646.91613
35.241.52.229,"ads,tracking",192.168.137.108,35.241.52.229,66,1552761646.921915
18.235.158.238,benign,18.235.158.238,192.168.137.108,54,1552761656.512015
18.235.158.238,benign,192.168.137.108,18.235.158.238,54,1552761656.638345
192.168.137.255,benign,192.168.137.1,192.168.137.255,188,1552761673.194442
107.21.27.97,benign,107.21.27.97,192.168.137.108,103,1552761675.709327
107.21.27.97,benign,107.21.27.97,192.168.137.108,66,1552761675.709654
107.21.27.97,benign,192.168.137.108,107.21.27.97,66,1552761675.930121
107.21.27.97,benign,107.21.27.97,192.168.137.108,66,1552761675.934706
107.21.27.97,benign,192.168.137.108,107.21.27.97,78,1552761675.936078
52.31.118.175,benign,52.31.118.175,192.168.137.108,103,1552761681.165216
52.31.118.175,benign,192.168.137.108,52.31.118.175,66,1552761681.214949
172.217.14.202,benign,172.217.14.202,192.168.137.108,66,1552761685.555734
172.217.14.202,benign,192.168.137.108,172.217.14.202,66,1552761685.619075
52.31.118.175,benign,52.31.118.175,192.168.137.108,66,1552761686.165871
52.31.118.175,benign,192.168.137.108,52.31.118.175,66,1552761686.239105
35.241.52.229,"ads,tracking",192.168.137.108,35.241.52.229,1111,1552761688.610908
35.241.52.229,"ads,tracking",35.241.52.229,192.168.137.108,135,1552761688.681475
35.241.52.229,"ads,tracking",192.168.137.108,35.241.52.229,66,1552761688.707783
35.241.52.229,"ads,tracking",35.241.52.229,192.168.137.108,231,1552761688.788814
35.241.52.229,"ads,tracking",192.168.137.108,35.241.52.229,66,1552761688.795444
192.168.137.1,benign,192.168.137.108,192.168.137.1,351,1552761691.65424
192.168.137.108,benign,192.168.137.1,192.168.137.108,344,1552761691.669449
192.168.137.1,benign,192.168.137.108,192.168.137.1,77,1552761696.731697
192.168.137.108,benign,192.168.137.1,192.168.137.108,269,1552761696.747531
54.243.182.179,benign,192.168.137.108,54.243.182.179,74,1552761696.752461
54.243.182.179,benign,54.243.182.179,192.168.137.108,74,1552761696.835587
54.243.182.179,benign,192.168.137.108,54.243.182.179,66,1552761696.841636
54.243.182.179,benign,192.168.137.108,54.243.182.179,312,1552761696.851441
54.243.182.179,benign,54.243.182.179,192.168.137.108,66,1552761696.935907
54.243.182.179,benign,54.243.182.179,192.168.137.108,1514,1552761696.936571
54.243.182.179,benign,54.243.182.179,192.168.137.108,1514,1552761696.936844
54.243.182.179,benign,54.243.182.179,192.168.137.108,1266,1552761696.937311
54.243.182.179,benign,54.243.182.179,192.168.137.108,1514,1552761696.938469
54.243.182.179,benign,54.243.182.179,192.168.137.108,389,1552761696.938544
54.243.182.179,benign,192.168.137.108,54.243.182.179,66,1552761696.94204
54.243.182.179,benign,192.168.137.108,54.243.182.179,66,1552761696.942534
54.243.182.179,benign,192.168.137.108,54.243.182.179,66,1552761696.942854
54.243.182.179,benign,192.168.137.108,54.243.182.179,66,1552761696.943101
54.243.182.179,benign,192.168.137.108,54.243.182.179,66,1552761696.943101
54.243.182.179,benign,192.168.137.108,54.243.182.179,200,1552761697.204576
54.243.182.179,benign,54.243.182.179,192.168.137.108,125,1552761697.285813
54.243.182.179,benign,192.168.137.108,54.243.182.179,66,1552761697.291766
54.243.182.179,benign,192.168.137.108,54.243.182.179,1351,1552761697.322623
54.243.182.179,benign,54.243.182.179,192.168.137.108,199,1552761697.406526
54.243.182.179,benign,192.168.137.108,54.243.182.179,66,1552761697.449469
18.235.158.238,benign,192.168.137.108,18.235.158.238,54,1552761697.477193
54.243.182.179,benign,192.168.137.108,54.243.182.179,66,1552761697.480205
157.240.3.20,benign,192.168.137.108,157.240.3.20,66,1552761697.480206
52.31.118.175,benign,192.168.137.108,52.31.118.175,66,1552761697.480981
107.21.27.97,benign,192.168.137.108,107.21.27.97,66,1552761697.481144
35.241.52.229,"ads,tracking",192.168.137.108,35.241.52.229,66,1552761697.491997
157.240.3.20,benign,157.240.3.20,192.168.137.108,103,1552761697.512414
157.240.3.20,benign,157.240.3.20,192.168.137.108,66,1552761697.512676
157.240.3.20,benign,192.168.137.108,157.240.3.20,54,1552761697.513979
157.240.3.20,benign,192.168.137.108,157.240.3.20,54,1552761697.515798
35.241.52.229,"ads,tracking",35.241.52.229,192.168.137.108,66,1552761697.521777
35.241.52.229,"ads,tracking",192.168.137.108,35.241.52.229,66,1552761697.523321
18.235.158.238,benign,18.235.158.238,192.168.137.108,54,1552761697.559827
192.168.137.1,benign,192.168.137.108,192.168.137.1,78,1552761698.941726
54.243.182.179,benign,192.168.137.108,54.243.182.179,74,1552761698.954799
192.168.137.108,benign,192.168.137.1,192.168.137.108,136,1552761698.957926
157.240.3.20,benign,192.168.137.108,157.240.3.20,74,1552761698.960123
157.240.3.20,benign,157.240.3.20,192.168.137.108,74,1552761698.98992
157.240.3.20,benign,192.168.137.108,157.240.3.20,66,1552761698.991436
157.240.3.20,benign,192.168.137.108,157.240.3.20,281,1552761698.994241
157.240.3.20,benign,157.240.3.20,192.168.137.108,66,1552761699.026273
157.240.3.20,benign,157.240.3.20,192.168.137.108,1464,1552761699.02694
157.240.3.20,benign,157.240.3.20,192.168.137.108,1464,1552761699.028001
157.240.3.20,benign,157.240.3.20,192.168.137.108,310,1552761699.028373
157.240.3.20,benign,192.168.137.108,157.240.3.20,66,1552761699.030309
157.240.3.20,benign,192.168.137.108,157.240.3.20,66,1552761699.030533
157.240.3.20,benign,192.168.137.108,157.240.3.20,66,1552761699.030534
54.243.182.179,benign,54.243.182.179,192.168.137.108,74,1552761699.039119
54.243.182.179,benign,192.168.137.108,54.243.182.179,66,1552761699.040733
54.243.182.179,benign,192.168.137.108,54.243.182.179,280,1552761699.042804
157.240.3.20,benign,192.168.137.108,157.240.3.20,74,1552761699.125475
54.243.182.179,benign,54.243.182.179,192.168.137.108,66,1552761699.129039
54.243.182.179,benign,54.243.182.179,192.168.137.108,1514,1552761699.129944
54.243.182.179,benign,54.243.182.179,192.168.137.108,1514,1552761699.131043
54.243.182.179,benign,54.243.182.179,192.168.137.108,1266,1552761699.131247
54.243.182.179,benign,54.243.182.179,192.168.137.108,1514,1552761699.131479
54.243.182.179,benign,54.243.182.179,192.168.137.108,389,1552761699.131615
54.243.182.179,benign,192.168.137.108,54.243.182.179,66,1552761699.132881
54.243.182.179,benign,192.168.137.108,54.243.182.179,66,1552761699.133069
54.243.182.179,benign,192.168.137.108,54.243.182.179,66,1552761699.13307
54.243.182.179,benign,192.168.137.108,54.243.182.179,66,1552761699.135282
54.243.182.179,benign,192.168.137.108,54.243.182.179,66,1552761699.135549
157.240.3.20,benign,157.240.3.20,192.168.137.108,74,1552761699.155107
157.240.3.20,benign,192.168.137.108,157.240.3.20,66,1552761699.156478
157.240.3.20,benign,192.168.137.108,157.240.3.20,281,1552761699.160841
192.168.137.1,benign,192.168.137.108,192.168.137.1,82,1552761699.169286
192.168.137.108,benign,192.168.137.1,192.168.137.108,114,1552761699.184586
52.203.114.139,benign,192.168.137.108,52.203.114.139,74,1552761699.187109
157.240.3.20,benign,157.240.3.20,192.168.137.108,66,1552761699.19093
157.240.3.20,benign,157.240.3.20,192.168.137.108,1464,1552761699.193281
157.240.3.20,benign,157.240.3.20,192.168.137.108,1464,1552761699.19356
157.240.3.20,benign,157.240.3.20,192.168.137.108,310,1552761699.193699
157.240.3.20,benign,192.168.137.108,157.240.3.20,66,1552761699.194839
157.240.3.20,benign,192.168.137.108,157.240.3.20,66,1552761699.197113
157.240.3.20,benign,192.168.137.108,157.240.3.20,66,1552761699.197462
157.240.3.20,benign,192.168.137.108,157.240.3.20,200,1552761699.243549
52.203.114.139,benign,52.203.114.139,192.168.137.108,74,1552761699.272395
157.240.3.20,benign,157.240.3.20,192.168.137.108,332,1552761699.272772
52.203.114.139,benign,192.168.137.108,52.203.114.139,66,1552761699.27406
157.240.3.20,benign,192.168.137.108,157.240.3.20,66,1552761699.276961
52.203.114.139,benign,192.168.137.108,52.203.114.139,285,1552761699.28294
157.240.3.20,benign,192.168.137.108,157.240.3.20,200,1552761699.303127
157.240.3.20,benign,192.168.137.108,157.240.3.20,663,1552761699.320202
157.240.3.20,benign,157.240.3.20,192.168.137.108,332,1552761699.33003
157.240.3.20,benign,192.168.137.108,157.240.3.20,66,1552761699.350322
52.203.114.139,benign,52.203.114.139,192.168.137.108,66,1552761699.367125
52.203.114.139,benign,52.203.114.139,192.168.137.108,1514,1552761699.367936
52.203.114.139,benign,52.203.114.139,192.168.137.108,1514,1552761699.369194
52.203.114.139,benign,52.203.114.139,192.168.137.108,1514,1552761699.369497
52.203.114.139,benign,52.203.114.139,192.168.137.108,978,1552761699.36969
52.203.114.139,benign,192.168.137.108,52.203.114.139,66,1552761699.371138
52.203.114.139,benign,192.168.137.108,52.203.114.139,66,1552761699.371397
52.203.114.139,benign,192.168.137.108,52.203.114.139,66,1552761699.371398
52.203.114.139,benign,192.168.137.108,52.203.114.139,66,1552761699.371631
157.240.3.20,benign,192.168.137.108,157.240.3.20,743,1552761699.387242
157.240.3.20,benign,157.240.3.20,192.168.137.108,66,1552761699.389177
157.240.3.20,benign,157.240.3.20,192.168.137.108,1207,1552761699.408665
157.240.3.20,benign,192.168.137.108,157.240.3.20,66,1552761699.410409
54.243.182.179,benign,192.168.137.108,54.243.182.179,200,1552761699.414857
157.240.3.20,benign,157.240.3.20,192.168.137.108,66,1552761699.45443
157.240.3.20,benign,192.168.137.108,157.240.3.20,103,1552761699.455897
52.203.114.139,benign,192.168.137.108,52.203.114.139,200,1552761699.460114
157.240.3.20,benign,157.240.3.20,192.168.137.108,66,1552761699.482433
54.243.182.179,benign,54.243.182.179,192.168.137.108,125,1552761699.496301
54.243.182.179,benign,192.168.137.108,54.243.182.179,66,1552761699.498233
54.243.182.179,benign,192.168.137.108,54.243.182.179,1351,1552761699.521774
52.203.114.139,benign,52.203.114.139,192.168.137.108,348,1552761699.54211
52.203.114.139,benign,192.168.137.108,52.203.114.139,66,1552761699.544248
157.240.3.20,benign,157.240.3.20,192.168.137.108,743,1552761699.54615
52.203.114.139,benign,192.168.137.108,52.203.114.139,551,1552761699.564905
157.240.3.20,benign,192.168.137.108,157.240.3.20,66,1552761699.579581
54.243.182.179,benign,54.243.182.179,192.168.137.108,199,1552761699.605098
54.243.182.179,benign,192.168.137.108,54.243.182.179,66,1552761699.649609
52.203.114.139,benign,52.203.114.139,192.168.137.108,343,1552761699.65166
52.203.114.139,benign,52.203.114.139,192.168.137.108,103,1552761699.651829
52.203.114.139,benign,192.168.137.108,52.203.114.139,66,1552761699.659119
192.168.137.255,benign,192.168.137.1,192.168.137.255,188,1552761703.261661
52.203.114.139,benign,192.168.137.108,52.203.114.139,551,1552761717.213899
52.203.114.139,benign,52.203.114.139,192.168.137.108,343,1552761717.302414
52.203.114.139,benign,52.203.114.139,192.168.137.108,103,1552761717.303002
52.203.114.139,benign,192.168.137.108,52.203.114.139,66,1552761717.328907
157.240.3.20,benign,192.168.137.108,157.240.3.20,1463,1552761717.346
157.240.3.20,benign,157.240.3.20,192.168.137.108,66,1552761717.376387
157.240.3.20,benign,192.168.137.108,157.240.3.20,1084,1552761717.378062
157.240.3.20,benign,157.240.3.20,192.168.137.108,66,1552761717.408381
52.45.238.77,benign,192.168.137.108,52.45.238.77,74,1552761717.41871
52.45.238.77,benign,52.45.238.77,192.168.137.108,66,1552761717.500334
52.45.238.77,benign,192.168.137.108,52.45.238.77,54,1552761717.50636
52.45.238.77,benign,192.168.137.108,52.45.238.77,670,1552761717.508842
157.240.3.20,benign,157.240.3.20,192.168.137.108,743,1552761717.521213
157.240.3.20,benign,192.168.137.108,157.240.3.20,66,1552761717.522907
52.45.238.77,benign,52.45.238.77,192.168.137.108,54,1552761717.593461
52.45.238.77,benign,52.45.238.77,192.168.137.108,302,1552761717.594102
52.45.238.77,benign,192.168.137.108,52.45.238.77,54,1552761717.600096
52.45.238.77,benign,192.168.137.108,52.45.238.77,54,1552761717.614179
52.45.238.77,benign,52.45.238.77,192.168.137.108,54,1552761717.696272
52.45.238.77,benign,192.168.137.108,52.45.238.77,54,1552761717.702026
192.168.137.1,benign,192.168.137.108,192.168.137.1,88,1552761720.654098
192.168.137.108,benign,192.168.137.1,192.168.137.108,142,1552761720.814444
35.241.26.53,ads,192.168.137.108,35.241.26.53,74,1552761720.822762
35.241.26.53,ads,35.241.26.53,192.168.137.108,74,1552761720.859859
35.241.26.53,ads,192.168.137.108,35.241.26.53,66,1552761720.863065
35.241.26.53,ads,192.168.137.108,35.241.26.53,329,1552761720.90434
35.241.26.53,ads,35.241.26.53,192.168.137.108,66,1552761720.937007
35.241.26.53,ads,35.241.26.53,192.168.137.108,1484,1552761720.93756
35.241.26.53,ads,35.241.26.53,192.168.137.108,1484,1552761720.938694
35.241.26.53,ads,35.241.26.53,192.168.137.108,580,1552761720.93885
35.241.26.53,ads,192.168.137.108,35.241.26.53,66,1552761720.941782
35.241.26.53,ads,192.168.137.108,35.241.26.53,66,1552761720.942026
35.241.26.53,ads,192.168.137.108,35.241.26.53,66,1552761720.942026
35.241.26.53,ads,192.168.137.108,35.241.26.53,216,1552761721.013002
35.241.26.53,ads,35.241.26.53,192.168.137.108,369,1552761721.043389
35.241.26.53,ads,192.168.137.108,35.241.26.53,66,1552761721.045086
35.241.26.53,ads,192.168.137.108,35.241.26.53,759,1552761721.073765
35.241.26.53,ads,35.241.26.53,192.168.137.108,66,1552761721.143356
35.241.26.53,ads,35.241.26.53,192.168.137.108,487,1552761721.643186
35.241.26.53,ads,192.168.137.108,35.241.26.53,66,1552761721.770824
192.168.137.1,benign,192.168.137.108,192.168.137.1,81,1552761721.837202
192.168.137.108,benign,192.168.137.1,192.168.137.108,214,1552761721.856379
35.241.52.229,"ads,tracking",192.168.137.108,35.241.52.229,74,1552761721.859254
35.241.52.229,"ads,tracking",35.241.52.229,192.168.137.108,74,1552761721.892198
35.241.52.229,"ads,tracking",192.168.137.108,35.241.52.229,66,1552761721.894274
35.241.52.229,"ads,tracking",192.168.137.108,35.241.52.229,322,1552761721.904851
35.241.52.229,"ads,tracking",35.241.52.229,192.168.137.108,66,1552761721.938182
35.241.52.229,"ads,tracking",35.241.52.229,192.168.137.108,1484,1552761721.93986
35.241.52.229,"ads,tracking",35.241.52.229,192.168.137.108,1484,1552761721.940045
35.241.52.229,"ads,tracking",35.241.52.229,192.168.137.108,749,1552761721.940858
35.241.52.229,"ads,tracking",192.168.137.108,35.241.52.229,66,1552761721.942975
35.241.52.229,"ads,tracking",192.168.137.108,35.241.52.229,66,1552761721.942976
35.241.52.229,"ads,tracking",192.168.137.108,35.241.52.229,66,1552761721.943203
35.241.52.229,"ads,tracking",192.168.137.108,35.241.52.229,216,1552761722.033036
35.241.52.229,"ads,tracking",35.241.52.229,192.168.137.108,369,1552761722.064077
35.241.52.229,"ads,tracking",192.168.137.108,35.241.52.229,66,1552761722.065783
35.241.52.229,"ads,tracking",192.168.137.108,35.241.52.229,1063,1552761722.101588
35.241.52.229,"ads,tracking",35.241.52.229,192.168.137.108,135,1552761722.172457
35.241.52.229,"ads,tracking",192.168.137.108,35.241.52.229,66,1552761722.179115
35.241.52.229,"ads,tracking",35.241.52.229,192.168.137.108,231,1552761722.21242
35.241.52.229,"ads,tracking",192.168.137.108,35.241.52.229,66,1552761722.214373
157.240.3.20,benign,192.168.137.108,157.240.3.20,103,1552761722.231598
157.240.3.20,benign,192.168.137.108,157.240.3.20,66,1552761722.233089
157.240.3.20,benign,157.240.3.20,192.168.137.108,66,1552761722.261146
157.240.3.20,benign,157.240.3.20,192.168.137.108,103,1552761722.261547
157.240.3.20,benign,157.240.3.20,192.168.137.108,66,1552761722.261651
157.240.3.20,benign,192.168.137.108,157.240.3.20,54,1552761722.264908
157.240.3.20,benign,192.168.137.108,157.240.3.20,54,1552761722.265122
157.240.3.20,benign,157.240.3.20,192.168.137.108,66,1552761722.266594
157.240.3.20,benign,192.168.137.108,157.240.3.20,54,1552761722.268055
35.241.52.229,"ads,tracking",192.168.137.108,35.241.52.229,967,1552761722.31229
35.241.52.229,"ads,tracking",35.241.52.229,192.168.137.108,135,1552761722.382894
35.241.52.229,"ads,tracking",192.168.137.108,35.241.52.229,66,1552761722.389156
35.241.52.229,"ads,tracking",35.241.52.229,192.168.137.108,231,1552761722.456255
35.241.52.229,"ads,tracking",192.168.137.108,35.241.52.229,66,1552761722.462585
35.241.52.229,"ads,tracking",192.168.137.108,35.241.52.229,1175,1552761722.552927
35.241.52.229,"ads,tracking",35.241.52.229,192.168.137.108,66,1552761722.62351
35.241.52.229,"ads,tracking",35.241.52.229,192.168.137.108,135,1552761722.624169
35.241.52.229,"ads,tracking",192.168.137.108,35.241.52.229,66,1552761722.630248
35.241.52.229,"ads,tracking",35.241.52.229,192.168.137.108,231,1552761722.701515
35.241.52.229,"ads,tracking",192.168.137.108,35.241.52.229,66,1552761722.708289
192.168.137.1,benign,192.168.137.108,192.168.137.1,80,1552761726.463824
192.168.137.108,benign,192.168.137.1,192.168.137.108,176,1552761726.495604
52.86.163.254,benign,192.168.137.108,52.86.163.254,74,1552761726.501177
52.86.163.254,benign,52.86.163.254,192.168.137.108,66,1552761726.585061
52.86.163.254,benign,192.168.137.108,52.86.163.254,54,1552761726.591013
52.86.163.254,benign,192.168.137.108,52.86.163.254,1080,1552761726.595483
52.86.163.254,benign,52.86.163.254,192.168.137.108,54,1552761726.680046
52.86.163.254,benign,52.86.163.254,192.168.137.108,444,1552761726.681776
52.86.163.254,benign,192.168.137.108,52.86.163.254,54,1552761726.687485
52.86.163.254,benign,192.168.137.108,52.86.163.254,54,1552761726.694038
52.86.163.254,benign,52.86.163.254,192.168.137.108,54,1552761726.776794
52.86.163.254,benign,192.168.137.108,52.86.163.254,54,1552761726.782774
52.203.114.139,benign,192.168.137.108,52.203.114.139,727,1552761727.788621
52.203.114.139,benign,52.203.114.139,192.168.137.108,375,1552761727.881168
52.203.114.139,benign,52.203.114.139,192.168.137.108,103,1552761727.881841
52.203.114.139,benign,192.168.137.108,52.203.114.139,66,1552761727.890078
35.241.52.229,"ads,tracking",192.168.137.108,35.241.52.229,551,1552761728.092833
35.241.52.229,"ads,tracking",192.168.137.108,35.241.52.229,1434,1552761728.093439
35.241.52.229,"ads,tracking",192.168.137.108,35.241.52.229,1434,1552761728.093441
35.241.52.229,"ads,tracking",35.241.52.229,192.168.137.108,66,1552761728.125321
35.241.52.229,"ads,tracking",192.168.137.108,35.241.52.229,615,1552761728.126852
35.241.52.229,"ads,tracking",35.241.52.229,192.168.137.108,66,1552761728.131037
35.241.52.229,"ads,tracking",35.241.52.229,192.168.137.108,66,1552761728.1311
35.241.52.229,"ads,tracking",35.241.52.229,192.168.137.108,66,1552761728.158158
35.241.52.229,"ads,tracking",35.241.52.229,192.168.137.108,135,1552761728.164471
35.241.52.229,"ads,tracking",192.168.137.108,35.241.52.229,66,1552761728.168084
35.241.52.229,"ads,tracking",35.241.52.229,192.168.137.108,231,1552761728.259103
35.241.52.229,"ads,tracking",192.168.137.108,35.241.52.229,66,1552761728.264072
192.168.137.255,benign,192.168.137.1,192.168.137.255,246,1552761729.845741
54.243.182.179,benign,54.243.182.179,192.168.137.108,103,1552761729.897426
54.243.182.179,benign,192.168.137.108,54.243.182.179,66,1552761729.92513
157.240.3.20,benign,192.168.137.108,157.240.3.20,1463,1552761732.31508
157.240.3.20,benign,157.240.3.20,192.168.137.108,66,1552761732.345087
157.240.3.20,benign,192.168.137.108,157.240.3.20,780,1552761732.346861
157.240.3.20,benign,157.240.3.20,192.168.137.108,66,1552761732.377432
157.240.3.20,benign,157.240.3.20,192.168.137.108,743,1552761732.476246
157.240.3.20,benign,192.168.137.108,157.240.3.20,66,1552761732.48211
35.241.52.229,"ads,tracking",192.168.137.108,35.241.52.229,999,1552761732.679145
35.241.52.229,"ads,tracking",35.241.52.229,192.168.137.108,66,1552761732.753173
35.241.52.229,"ads,tracking",35.241.52.229,192.168.137.108,135,1552761732.753594
35.241.52.229,"ads,tracking",192.168.137.108,35.241.52.229,66,1552761732.788307
35.241.52.229,"ads,tracking",35.241.52.229,192.168.137.108,231,1552761732.857904
35.241.52.229,"ads,tracking",192.168.137.108,35.241.52.229,66,1552761732.863151
192.168.137.255,benign,192.168.137.1,192.168.137.255,188,1552761733.417235
54.243.182.179,benign,54.243.182.179,192.168.137.108,66,1552761734.902114
54.243.182.179,benign,192.168.137.108,54.243.182.179,66,1552761734.970515
52.203.114.139,benign,192.168.137.108,52.203.114.139,727,1552761737.839742
52.203.114.139,benign,52.203.114.139,192.168.137.108,375,1552761737.934131
52.203.114.139,benign,52.203.114.139,192.168.137.108,103,1552761737.934312
52.203.114.139,benign,192.168.137.108,52.203.114.139,66,1552761737.947858
52.203.114.139,benign,192.168.137.108,52.203.114.139,743,1552761749.529395
52.203.114.139,benign,52.203.114.139,192.168.137.108,375,1552761749.620138
52.203.114.139,benign,52.203.114.139,192.168.137.108,103,1552761749.620472
52.203.114.139,benign,192.168.137.108,52.203.114.139,66,1552761749.633809
157.240.3.20,benign,192.168.137.108,157.240.3.20,1463,1552761757.950186
157.240.3.20,benign,157.240.3.20,192.168.137.108,66,1552761757.981419
157.240.3.20,benign,192.168.137.108,157.240.3.20,764,1552761757.994622
157.240.3.20,benign,157.240.3.20,192.168.137.108,66,1552761758.024147
157.240.3.20,benign,157.240.3.20,192.168.137.108,743,1552761758.535144
157.240.3.20,benign,192.168.137.108,157.240.3.20,66,1552761758.597235
35.241.52.229,"ads,tracking",192.168.137.108,35.241.52.229,551,1552761761.16218
35.241.52.229,"ads,tracking",192.168.137.108,35.241.52.229,1434,1552761761.162568
35.241.52.229,"ads,tracking",35.241.52.229,192.168.137.108,66,1552761761.196064
35.241.52.229,"ads,tracking",192.168.137.108,35.241.52.229,655,1552761761.197735
35.241.52.229,"ads,tracking",35.241.52.229,192.168.137.108,66,1552761761.2005
35.241.52.229,"ads,tracking",35.241.52.229,192.168.137.108,66,1552761761.229299
35.241.52.229,"ads,tracking",35.241.52.229,192.168.137.108,135,1552761761.234265
35.241.52.229,"ads,tracking",192.168.137.108,35.241.52.229,66,1552761761.236466
35.241.52.229,"ads,tracking",35.241.52.229,192.168.137.108,231,1552761761.321798
35.241.52.229,"ads,tracking",192.168.137.108,35.241.52.229,66,1552761761.326864
192.168.137.255,benign,192.168.137.1,192.168.137.255,188,1552761763.567027
172.217.14.238,benign,172.217.14.238,192.168.137.108,121,1552761786.272359
172.217.14.238,benign,172.217.14.238,192.168.137.108,66,1552761786.27272
172.217.14.238,benign,192.168.137.108,172.217.14.238,66,1552761786.373572
172.217.14.238,benign,192.168.137.108,172.217.14.238,66,1552761786.412565
192.168.137.255,benign,192.168.137.1,192.168.137.255,188,1552761793.707437
35.241.52.229,"ads,tracking",192.168.137.108,35.241.52.229,1111,1552761804.823989
35.241.52.229,"ads,tracking",35.241.52.229,192.168.137.108,135,1552761804.897491
35.241.52.229,"ads,tracking",192.168.137.108,35.241.52.229,66,1552761804.903436
35.241.52.229,"ads,tracking",35.241.52.229,192.168.137.108,231,1552761805.000054
35.241.52.229,"ads,tracking",192.168.137.108,35.241.52.229,66,1552761805.005362
52.203.114.139,benign,52.203.114.139,192.168.137.108,103,1552761809.620404
52.203.114.139,benign,52.203.114.139,192.168.137.108,66,1552761809.620842
52.203.114.139,benign,192.168.137.108,52.203.114.139,66,1552761809.73312
52.203.114.139,benign,52.203.114.139,192.168.137.108,66,1552761809.808089
52.203.114.139,benign,192.168.137.108,52.203.114.139,78,1552761809.814079
192.168.137.255,benign,192.168.137.1,192.168.137.255,188,1552761823.853795
172.217.14.238,benign,172.217.14.238,192.168.137.108,66,1552761829.238461
172.217.14.238,benign,192.168.137.108,172.217.14.238,66,1552761829.293958
172.217.14.234,benign,172.217.14.234,192.168.137.108,66,1552761830.843774
172.217.14.234,benign,192.168.137.108,172.217.14.234,66,1552761830.9239
172.217.14.234,benign,172.217.14.234,192.168.137.108,66,1552761830.987876
172.217.14.234,benign,192.168.137.108,172.217.14.234,66,1552761831.023862
172.217.3.163,benign,172.217.3.163,192.168.137.108,66,1552761832.659932
172.217.3.163,benign,192.168.137.108,172.217.3.163,66,1552761832.774051
54.243.182.179,benign,192.168.137.108,54.243.182.179,103,1552761837.468843
54.243.182.179,benign,192.168.137.108,54.243.182.179,66,1552761837.469077
192.168.137.1,benign,192.168.137.108,192.168.137.1,77,1552761837.46973
192.168.137.108,benign,192.168.137.1,192.168.137.108,269,1552761837.517279
23.21.171.2,benign,192.168.137.108,23.21.171.2,74,1552761837.520564
54.243.182.179,benign,54.243.182.179,192.168.137.108,54,1552761837.55305
54.243.182.179,benign,54.243.182.179,192.168.137.108,54,1552761837.558026
23.21.171.2,benign,23.21.171.2,192.168.137.108,74,1552761837.600973
23.21.171.2,benign,192.168.137.108,23.21.171.2,66,1552761837.602489
23.21.171.2,benign,192.168.137.108,23.21.171.2,312,1552761837.606402
23.21.171.2,benign,23.21.171.2,192.168.137.108,66,1552761837.687845
23.21.171.2,benign,23.21.171.2,192.168.137.108,1514,1552761837.688634
23.21.171.2,benign,23.21.171.2,192.168.137.108,1514,1552761837.689641
23.21.171.2,benign,23.21.171.2,192.168.137.108,1266,1552761837.68996
23.21.171.2,benign,23.21.171.2,192.168.137.108,1514,1552761837.690543
23.21.171.2,benign,23.21.171.2,192.168.137.108,389,1552761837.690629
23.21.171.2,benign,192.168.137.108,23.21.171.2,66,1552761837.693971
23.21.171.2,benign,192.168.137.108,23.21.171.2,66,1552761837.694308
23.21.171.2,benign,192.168.137.108,23.21.171.2,66,1552761837.694309
23.21.171.2,benign,192.168.137.108,23.21.171.2,66,1552761837.694603
23.21.171.2,benign,192.168.137.108,23.21.171.2,66,1552761837.694604
23.21.171.2,benign,192.168.137.108,23.21.171.2,200,1552761837.760189
23.21.171.2,benign,23.21.171.2,192.168.137.108,125,1552761837.838884
23.21.171.2,benign,192.168.137.108,23.21.171.2,66,1552761837.844917
23.21.171.2,benign,192.168.137.108,23.21.171.2,1351,1552761837.867217
23.21.171.2,benign,23.21.171.2,192.168.137.108,199,1552761837.948231
23.21.171.2,benign,192.168.137.108,23.21.171.2,66,1552761837.994475
216.58.193.78,benign,216.58.193.78,192.168.137.108,66,1552761840.428379
216.58.193.78,benign,192.168.137.108,216.58.193.78,66,1552761840.544424
35.241.52.229,"ads,tracking",192.168.137.108,35.241.52.229,999,1552761844.370185
35.241.52.229,"ads,tracking",35.241.52.229,192.168.137.108,135,1552761844.444409
35.241.52.229,"ads,tracking",192.168.137.108,35.241.52.229,66,1552761844.450727
35.241.52.229,"ads,tracking",35.241.52.229,192.168.137.108,231,1552761844.545132
35.241.52.229,"ads,tracking",192.168.137.108,35.241.52.229,66,1552761844.550662
192.168.137.255,benign,192.168.137.1,192.168.137.255,188,1552761854.026291
23.21.171.2,benign,23.21.171.2,192.168.137.108,103,1552761868.296498
23.21.171.2,benign,192.168.137.108,23.21.171.2,66,1552761868.370501
23.21.171.2,benign,23.21.171.2,192.168.137.108,66,1552761873.307051
23.21.171.2,benign,192.168.137.108,23.21.171.2,66,1552761873.426797
192.168.137.255,benign,192.168.137.1,192.168.137.255,188,1552761884.09649
35.241.52.229,"ads,tracking",192.168.137.108,35.241.52.229,1111,1552761911.31803
35.241.52.229,"ads,tracking",35.241.52.229,192.168.137.108,66,1552761911.391948
35.241.52.229,"ads,tracking",35.241.52.229,192.168.137.108,135,1552761911.392298
35.241.52.229,"ads,tracking",192.168.137.108,35.241.52.229,66,1552761911.399941
35.241.52.229,"ads,tracking",35.241.52.229,192.168.137.108,231,1552761911.492829
35.241.52.229,"ads,tracking",192.168.137.108,35.241.52.229,66,1552761911.498399
192.168.137.255,benign,192.168.137.1,192.168.137.255,188,1552761914.240856
35.241.52.229,"ads,tracking",192.168.137.108,35.241.52.229,999,1552761928.524257
35.241.52.229,"ads,tracking",35.241.52.229,192.168.137.108,66,1552761928.558041
52.203.114.139,benign,192.168.137.108,52.203.114.139,103,1552761928.611363
52.203.114.139,benign,192.168.137.108,52.203.114.139,66,1552761928.611618
35.241.52.229,"ads,tracking",35.241.52.229,192.168.137.108,135,1552761928.614707
35.241.52.229,"ads,tracking",192.168.137.108,35.241.52.229,66,1552761928.61625
192.168.137.1,benign,192.168.137.108,192.168.137.1,82,1552761928.617434
192.168.137.108,benign,192.168.137.1,192.168.137.108,114,1552761928.634222
52.203.114.139,benign,192.168.137.108,52.203.114.139,74,1552761928.639491
52.203.114.139,benign,52.203.114.139,192.168.137.108,54,1552761928.694591
52.203.114.139,benign,52.203.114.139,192.168.137.108,54,1552761928.70171
35.241.52.229,"ads,tracking",35.241.52.229,192.168.137.108,231,1552761928.715699
35.241.52.229,"ads,tracking",192.168.137.108,35.241.52.229,66,1552761928.71737
52.203.114.139,benign,52.203.114.139,192.168.137.108,74,1552761928.723527
52.203.114.139,benign,192.168.137.108,52.203.114.139,66,1552761928.725067
52.203.114.139,benign,192.168.137.108,52.203.114.139,525,1552761928.726795
52.203.114.139,benign,52.203.114.139,192.168.137.108,66,1552761928.814182
52.203.114.139,benign,52.203.114.139,192.168.137.108,211,1552761928.814658
52.203.114.139,benign,192.168.137.108,52.203.114.139,66,1552761928.822075
52.203.114.139,benign,192.168.137.108,52.203.114.139,125,1552761928.823305
52.203.114.139,benign,52.203.114.139,192.168.137.108,66,1552761928.949671
52.203.114.139,benign,192.168.137.108,52.203.114.139,1463,1552761928.95556
52.203.114.139,benign,52.203.114.139,192.168.137.108,66,1552761929.036747
52.203.114.139,benign,52.203.114.139,192.168.137.108,375,1552761929.041387
52.203.114.139,benign,52.203.114.139,192.168.137.108,103,1552761929.041565
52.203.114.139,benign,192.168.137.108,52.203.114.139,66,1552761929.056298
157.240.3.20,benign,192.168.137.108,157.240.3.20,66,1552761940.350849
157.240.3.20,benign,157.240.3.20,192.168.137.108,103,1552761940.380745
157.240.3.20,benign,157.240.3.20,192.168.137.108,66,1552761940.381068
157.240.3.20,benign,157.240.3.20,192.168.137.108,66,1552761940.46068
157.240.3.20,benign,157.240.3.20,192.168.137.108,103,1552761940.572707
157.240.3.20,benign,157.240.3.20,192.168.137.108,103,1552761940.797524
157.240.3.20,benign,192.168.137.108,157.240.3.20,54,1552761940.807439
23.21.171.2,benign,192.168.137.108,23.21.171.2,66,1552761940.808524
52.203.114.139,benign,192.168.137.108,52.203.114.139,66,1552761940.808526
157.240.3.20,benign,192.168.137.108,157.240.3.20,54,1552761940.809277
35.241.26.53,ads,192.168.137.108,35.241.26.53,66,1552761940.83533
35.241.52.229,"ads,tracking",192.168.137.108,35.241.52.229,66,1552761940.836237
35.241.26.53,ads,35.241.26.53,192.168.137.108,66,1552761940.867556
35.241.26.53,ads,192.168.137.108,35.241.26.53,66,1552761940.869198
35.241.52.229,"ads,tracking",35.241.52.229,192.168.137.108,66,1552761940.872656
35.241.52.229,"ads,tracking",192.168.137.108,35.241.52.229,66,1552761940.874158
52.203.114.139,benign,52.203.114.139,192.168.137.108,66,1552761940.894621
52.203.114.139,benign,192.168.137.108,52.203.114.139,66,1552761940.896203
157.240.3.20,benign,192.168.137.108,157.240.3.20,74,1552761942.597487
52.203.114.139,benign,192.168.137.108,52.203.114.139,74,1552761942.597768
157.240.3.20,benign,192.168.137.108,157.240.3.20,74,1552761942.597769
157.240.3.20,benign,157.240.3.20,192.168.137.108,74,1552761942.629988
157.240.3.20,benign,192.168.137.108,157.240.3.20,66,1552761942.631861
157.240.3.20,benign,192.168.137.108,157.240.3.20,281,1552761942.634792
157.240.3.20,benign,157.240.3.20,192.168.137.108,74,1552761942.634824
157.240.3.20,benign,192.168.137.108,157.240.3.20,66,1552761942.636684
157.240.3.20,benign,192.168.137.108,157.240.3.20,281,1552761942.638311
157.240.3.20,benign,157.240.3.20,192.168.137.108,66,1552761942.670039
157.240.3.20,benign,157.240.3.20,192.168.137.108,1464,1552761942.670832
157.240.3.20,benign,157.240.3.20,192.168.137.108,1464,1552761942.671004
157.240.3.20,benign,157.240.3.20,192.168.137.108,309,1552761942.671092
157.240.3.20,benign,192.168.137.108,157.240.3.20,66,1552761942.674205
157.240.3.20,benign,192.168.137.108,157.240.3.20,66,1552761942.674444
157.240.3.20,benign,192.168.137.108,157.240.3.20,66,1552761942.674445
157.240.3.20,benign,157.240.3.20,192.168.137.108,66,1552761942.67519
157.240.3.20,benign,157.240.3.20,192.168.137.108,1464,1552761942.675846
157.240.3.20,benign,157.240.3.20,192.168.137.108,1464,1552761942.67683
157.240.3.20,benign,157.240.3.20,192.168.137.108,310,1552761942.67703
157.240.3.20,benign,192.168.137.108,157.240.3.20,66,1552761942.678976
157.240.3.20,benign,192.168.137.108,157.240.3.20,66,1552761942.679209
157.240.3.20,benign,192.168.137.108,157.240.3.20,66,1552761942.679211
52.203.114.139,benign,52.203.114.139,192.168.137.108,74,1552761942.688217
52.203.114.139,benign,192.168.137.108,52.203.114.139,66,1552761942.689797
52.203.114.139,benign,192.168.137.108,52.203.114.139,285,1552761942.691767
52.203.114.139,benign,52.203.114.139,192.168.137.108,66,1552761942.780221
52.203.114.139,benign,52.203.114.139,192.168.137.108,1514,1552761942.780803
52.203.114.139,benign,52.203.114.139,192.168.137.108,1514,1552761942.78212
52.203.114.139,benign,52.203.114.139,192.168.137.108,1514,1552761942.782336
52.203.114.139,benign,52.203.114.139,192.168.137.108,978,1552761942.782503
52.203.114.139,benign,192.168.137.108,52.203.114.139,66,1552761942.785405
52.203.114.139,benign,192.168.137.108,52.203.114.139,66,1552761942.785716
52.203.114.139,benign,192.168.137.108,52.203.114.139,66,1552761942.785717
52.203.114.139,benign,192.168.137.108,52.203.114.139,66,1552761942.785949
157.240.3.20,benign,192.168.137.108,157.240.3.20,200,1552761942.915688
157.240.3.20,benign,192.168.137.108,157.240.3.20,200,1552761942.916591
52.203.114.139,benign,192.168.137.108,52.203.114.139,200,1552761942.940281
157.240.3.20,benign,157.240.3.20,192.168.137.108,332,1552761942.946721
157.240.3.20,benign,192.168.137.108,157.240.3.20,66,1552761942.948333
157.240.3.20,benign,157.240.3.20,192.168.137.108,332,1552761942.95122
157.240.3.20,benign,192.168.137.108,157.240.3.20,66,1552761942.952638
157.240.3.20,benign,192.168.137.108,157.240.3.20,663,1552761943.000376
157.240.3.20,benign,192.168.137.108,157.240.3.20,743,1552761943.007571
52.203.114.139,benign,52.203.114.139,192.168.137.108,348,1552761943.023502
52.203.114.139,benign,192.168.137.108,52.203.114.139,66,1552761943.025429
52.203.114.139,benign,192.168.137.108,52.203.114.139,551,1552761943.055346
192.168.137.1,benign,192.168.137.108,192.168.137.1,77,1552761943.05997
157.240.3.20,benign,157.240.3.20,192.168.137.108,66,1552761943.071114
192.168.137.108,benign,192.168.137.1,192.168.137.108,269,1552761943.074091
54.243.128.89,benign,192.168.137.108,54.243.128.89,74,1552761943.0783
157.240.3.20,benign,157.240.3.20,192.168.137.108,66,1552761943.078317
157.240.3.20,benign,192.168.137.108,157.240.3.20,103,1552761943.080127
157.240.3.20,benign,157.240.3.20,192.168.137.108,66,1552761943.110009
157.240.3.20,benign,157.240.3.20,192.168.137.108,1207,1552761943.117043
157.240.3.20,benign,192.168.137.108,157.240.3.20,66,1552761943.118961
52.203.114.139,benign,52.203.114.139,192.168.137.108,343,1552761943.142967
52.203.114.139,benign,52.203.114.139,192.168.137.108,103,1552761943.143148
54.243.128.89,benign,54.243.128.89,192.168.137.108,74,1552761943.164305
52.203.114.139,benign,192.168.137.108,52.203.114.139,66,1552761943.188676
54.243.128.89,benign,192.168.137.108,54.243.128.89,66,1552761943.19674
54.243.128.89,benign,192.168.137.108,54.243.128.89,280,1552761943.198624
157.240.3.20,benign,157.240.3.20,192.168.137.108,743,1552761943.211674
157.240.3.20,benign,192.168.137.108,157.240.3.20,66,1552761943.21359
54.243.128.89,benign,54.243.128.89,192.168.137.108,66,1552761943.287077
54.243.128.89,benign,54.243.128.89,192.168.137.108,1514,1552761943.288016
54.243.128.89,benign,54.243.128.89,192.168.137.108,1514,1552761943.289036
54.243.128.89,benign,54.243.128.89,192.168.137.108,1266,1552761943.289301
54.243.128.89,benign,54.243.128.89,192.168.137.108,1514,1552761943.2894
54.243.128.89,benign,54.243.128.89,192.168.137.108,389,1552761943.289485
54.243.128.89,benign,192.168.137.108,54.243.128.89,66,1552761943.293603
54.243.128.89,benign,192.168.137.108,54.243.128.89,66,1552761943.293898
54.243.128.89,benign,192.168.137.108,54.243.128.89,66,1552761943.293899
54.243.128.89,benign,192.168.137.108,54.243.128.89,66,1552761943.294187
54.243.128.89,benign,192.168.137.108,54.243.128.89,66,1552761943.294188
54.243.128.89,benign,192.168.137.108,54.243.128.89,200,1552761943.416946
54.243.128.89,benign,54.243.128.89,192.168.137.108,125,1552761943.500611
54.243.128.89,benign,192.168.137.108,54.243.128.89,66,1552761943.528196
54.243.128.89,benign,192.168.137.108,54.243.128.89,1287,1552761943.578007
54.243.128.89,benign,54.243.128.89,192.168.137.108,199,1552761943.662124
54.243.128.89,benign,192.168.137.108,54.243.128.89,66,1552761943.668308
192.168.137.255,benign,192.168.137.1,192.168.137.255,188,1552761944.39241
54.243.128.89,benign,54.243.128.89,192.168.137.108,103,1552761974.346623
54.243.128.89,benign,192.168.137.108,54.243.128.89,66,1552761974.462231
192.168.137.255,benign,192.168.137.1,192.168.137.255,188,1552761974.540937
54.243.128.89,benign,54.243.128.89,192.168.137.108,66,1552761979.351133
54.243.128.89,benign,192.168.137.108,54.243.128.89,66,1552761979.408874
192.168.137.1,benign,192.168.137.108,192.168.137.1,351,1552761992.059249
192.168.137.108,benign,192.168.137.1,192.168.137.108,344,1552761992.074677
52.203.114.139,benign,52.203.114.139,192.168.137.108,103,1552762003.146113
52.203.114.139,benign,52.203.114.139,192.168.137.108,66,1552762003.146669
52.203.114.139,benign,192.168.137.108,52.203.114.139,66,1552762003.269913
52.203.114.139,benign,52.203.114.139,192.168.137.108,66,1552762003.337397
52.203.114.139,benign,192.168.137.108,52.203.114.139,78,1552762003.351478
192.168.137.255,benign,192.168.137.1,192.168.137.255,188,1552762004.692371
192.168.137.255,benign,192.168.137.1,192.168.137.255,243,1552762016.124234
192.168.137.255,benign,192.168.137.1,192.168.137.255,188,1552762034.861626
192.168.137.255,benign,192.168.137.1,192.168.137.255,188,1552762064.947938
192.168.137.255,benign,192.168.137.1,192.168.137.255,188,1552762095.03306
192.168.137.255,benign,192.168.137.1,192.168.137.255,188,1552762125.088343
157.240.3.20,benign,157.240.3.20,192.168.137.108,103,1552762128.053901
157.240.3.20,benign,157.240.3.20,192.168.137.108,66,1552762128.054181
157.240.3.20,benign,157.240.3.20,192.168.137.108,103,1552762128.110825
157.240.3.20,benign,157.240.3.20,192.168.137.108,66,1552762128.111169
157.240.3.20,benign,157.240.3.20,192.168.137.108,66,1552762128.133391
157.240.3.20,benign,157.240.3.20,192.168.137.108,66,1552762128.186985
157.240.3.20,benign,157.240.3.20,192.168.137.108,103,1552762128.236637
157.240.3.20,benign,157.240.3.20,192.168.137.108,103,1552762128.281636
157.240.3.20,benign,192.168.137.108,157.240.3.20,66,1552762128.296545
157.240.3.20,benign,192.168.137.108,157.240.3.20,66,1552762128.300695
157.240.3.20,benign,192.168.137.108,157.240.3.20,78,1552762128.300951
157.240.3.20,benign,192.168.137.108,157.240.3.20,78,1552762128.300951
157.240.3.20,benign,192.168.137.108,157.240.3.20,78,1552762128.300951
157.240.3.20,benign,192.168.137.108,157.240.3.20,78,1552762128.300952
192.168.137.255,benign,192.168.137.1,192.168.137.255,188,1552762155.22927
192.168.137.255,benign,192.168.137.1,192.168.137.255,188,1552762185.345445
192.168.137.255,benign,192.168.137.1,192.168.137.255,188,1552762215.422111
74.125.20.188,benign,192.168.137.108,74.125.20.188,94,1552762238.696427
74.125.20.188,benign,74.125.20.188,192.168.137.108,92,1552762238.733028
192.168.137.1,benign,192.168.137.108,192.168.137.1,89,1552762238.816965
172.217.14.202,benign,192.168.137.108,172.217.14.202,103,1552762238.817201
172.217.14.202,benign,192.168.137.108,172.217.14.202,66,1552762238.817201
172.217.3.163,benign,192.168.137.108,172.217.3.163,103,1552762238.817454
172.217.3.163,benign,192.168.137.108,172.217.3.163,66,1552762238.817455
192.168.137.108,benign,192.168.137.1,192.168.137.108,105,1552762238.823755
74.125.20.188,benign,192.168.137.108,74.125.20.188,66,1552762238.844663
172.217.14.202,benign,172.217.14.202,192.168.137.108,54,1552762238.850877
172.217.3.163,benign,172.217.3.163,192.168.137.108,54,1552762238.851726
172.217.3.163,benign,172.217.3.163,192.168.137.108,54,1552762238.851968
172.217.14.202,benign,172.217.14.202,192.168.137.108,54,1552762238.855652
216.58.193.67,benign,192.168.137.108,216.58.193.67,74,1552762238.858383
216.58.193.67,benign,216.58.193.67,192.168.137.108,74,1552762238.891329
216.58.193.67,benign,192.168.137.108,216.58.193.67,66,1552762238.894972
216.58.193.67,benign,192.168.137.108,216.58.193.67,537,1552762238.897954
216.58.193.67,benign,216.58.193.67,192.168.137.108,66,1552762238.933238
216.58.193.67,benign,216.58.193.67,192.168.137.108,217,1552762238.933557
216.58.193.67,benign,192.168.137.108,216.58.193.67,66,1552762238.937032
216.58.193.67,benign,192.168.137.108,216.58.193.67,125,1552762238.93783
216.58.193.67,benign,216.58.193.67,192.168.137.108,66,1552762239.012773
216.58.193.67,benign,192.168.137.108,216.58.193.67,327,1552762239.017394
216.58.193.67,benign,216.58.193.67,192.168.137.108,66,1552762239.046906
216.58.193.67,benign,216.58.193.67,192.168.137.108,231,1552762239.047065
216.58.193.67,benign,192.168.137.108,216.58.193.67,66,1552762239.087526
216.58.193.67,benign,192.168.137.108,216.58.193.67,327,1552762242.142669
216.58.193.67,benign,216.58.193.67,192.168.137.108,231,1552762242.176489
216.58.193.67,benign,192.168.137.108,216.58.193.67,66,1552762242.178689
192.168.137.255,benign,192.168.137.1,192.168.137.255,188,1552762245.545766
192.168.137.255,benign,192.168.137.1,192.168.137.255,188,1552762275.666972
192.168.137.1,benign,192.168.137.108,192.168.137.1,351,1552762292.425833
192.168.137.108,benign,192.168.137.1,192.168.137.108,344,1552762292.430514
192.168.137.255,benign,192.168.137.1,192.168.137.255,188,1552762305.729925
192.168.137.255,benign,192.168.137.1,192.168.137.255,188,1552762335.82207
192.168.137.1,benign,192.168.137.108,192.168.137.1,79,1552762345.857921
192.168.137.108,benign,192.168.137.1,192.168.137.108,193,1552762345.892609
172.217.3.170,benign,192.168.137.108,172.217.3.170,74,1552762346.069755
172.217.3.170,benign,172.217.3.170,192.168.137.108,74,1552762346.099263
172.217.3.170,benign,192.168.137.108,172.217.3.170,66,1552762346.173643
172.217.3.170,benign,192.168.137.108,172.217.3.170,527,1552762346.180105
172.217.3.170,benign,172.217.3.170,192.168.137.108,66,1552762346.210208
172.217.3.170,benign,172.217.3.170,192.168.137.108,217,1552762346.210684
172.217.3.170,benign,192.168.137.108,172.217.3.170,66,1552762346.214208
172.217.3.170,benign,192.168.137.108,172.217.3.170,125,1552762346.218175
172.217.3.170,benign,192.168.137.108,172.217.3.170,1434,1552762346.266929
172.217.3.170,benign,192.168.137.108,172.217.3.170,1434,1552762346.267859
172.217.3.170,benign,172.217.3.170,192.168.137.108,66,1552762346.296586
172.217.3.170,benign,192.168.137.108,172.217.3.170,860,1552762346.298072
172.217.3.170,benign,172.217.3.170,192.168.137.108,66,1552762346.324709
172.217.3.170,benign,172.217.3.170,192.168.137.108,679,1552762346.346223
172.217.3.170,benign,172.217.3.170,192.168.137.108,279,1552762346.347633
172.217.3.170,benign,172.217.3.170,192.168.137.108,172,1552762346.348008
172.217.3.170,benign,192.168.137.108,172.217.3.170,66,1552762346.350488
172.217.3.170,benign,192.168.137.108,172.217.3.170,66,1552762346.39053
192.168.137.255,benign,192.168.137.1,192.168.137.255,188,1552762365.904375
192.168.137.255,benign,192.168.137.1,192.168.137.255,188,1552762396.075996
192.168.137.255,benign,192.168.137.1,192.168.137.255,188,1552762426.158316
192.168.137.255,benign,192.168.137.1,192.168.137.255,188,1552762456.232393
216.58.193.67,benign,216.58.193.67,192.168.137.108,66,1552762482.190737
216.58.193.67,benign,216.58.193.67,192.168.137.108,66,1552762482.431651
216.58.193.67,benign,192.168.137.108,216.58.193.67,78,1552762482.485325
192.168.137.255,benign,192.168.137.1,192.168.137.255,188,1552762486.353795
192.168.137.255,benign,192.168.137.1,192.168.137.255,188,1552762516.447041
192.168.137.255,benign,192.168.137.1,192.168.137.255,188,1552762546.541075
192.168.137.255,benign,192.168.137.1,192.168.137.255,188,1552762576.680553
172.217.3.170,benign,172.217.3.170,192.168.137.108,66,1552762586.357105
172.217.3.170,benign,192.168.137.108,172.217.3.170,66,1552762586.649157
172.217.3.170,benign,172.217.3.170,192.168.137.108,66,1552762586.653434
172.217.3.170,benign,192.168.137.108,172.217.3.170,78,1552762586.6552
192.168.137.1,benign,192.168.137.108,192.168.137.1,351,1552762593.035139
192.168.137.108,benign,192.168.137.1,192.168.137.108,344,1552762593.039819
192.168.137.255,benign,192.168.137.1,192.168.137.255,188,1552762606.734983
192.168.137.255,benign,192.168.137.1,192.168.137.255,246,1552762629.846368
192.168.137.255,benign,192.168.137.1,192.168.137.255,188,1552762636.846307
192.168.137.255,benign,192.168.137.1,192.168.137.255,188,1552762666.943371
192.168.137.255,benign,192.168.137.1,192.168.137.255,188,1552762697.07557
192.168.137.255,benign,192.168.137.1,192.168.137.255,188,1552762727.222327
192.168.137.255,benign,192.168.137.1,192.168.137.255,243,1552762734.129369
192.168.137.255,benign,192.168.137.1,192.168.137.255,188,1552762757.338392
192.168.137.255,benign,192.168.137.1,192.168.137.255,188,1552762787.433015
192.168.137.255,benign,192.168.137.1,192.168.137.255,188,1552762817.547371
192.168.137.255,benign,192.168.137.1,192.168.137.255,188,1552762847.642493
192.168.137.255,benign,192.168.137.1,192.168.137.255,188,1552762877.728437
192.168.137.1,benign,192.168.137.108,192.168.137.1,351,1552762893.434613
192.168.137.108,benign,192.168.137.1,192.168.137.108,344,1552762893.439366
192.168.137.255,benign,192.168.137.1,192.168.137.255,188,1552762907.819897
192.168.137.255,benign,192.168.137.1,192.168.137.255,188,1552762937.924778
74.125.20.188,benign,192.168.137.108,74.125.20.188,94,1552762959.018831
74.125.20.188,benign,74.125.20.188,192.168.137.108,92,1552762959.059818
216.58.193.67,benign,192.168.137.108,216.58.193.67,103,1552762959.155251
216.58.193.67,benign,192.168.137.108,216.58.193.67,66,1552762959.155547
172.217.3.170,benign,192.168.137.108,172.217.3.170,103,1552762959.155547
172.217.3.170,benign,192.168.137.108,172.217.3.170,66,1552762959.155863
192.168.137.1,benign,192.168.137.108,192.168.137.1,89,1552762959.155863
192.168.137.108,benign,192.168.137.1,192.168.137.108,105,1552762959.169801
216.58.193.67,benign,216.58.193.67,192.168.137.108,54,1552762959.188745
172.217.3.170,benign,172.217.3.170,192.168.137.108,54,1552762959.189585
172.217.3.170,benign,172.217.3.170,192.168.137.108,54,1552762959.189855
216.58.193.67,benign,216.58.193.67,192.168.137.108,54,1552762959.19263
74.125.20.188,benign,192.168.137.108,74.125.20.188,66,1552762959.249906
172.217.3.195,benign,192.168.137.108,172.217.3.195,74,1552762959.255827
172.217.3.195,benign,172.217.3.195,192.168.137.108,74,1552762959.287805
172.217.3.195,benign,192.168.137.108,172.217.3.195,66,1552762959.289901
172.217.3.195,benign,192.168.137.108,172.217.3.195,537,1552762959.295584
172.217.3.195,benign,172.217.3.195,192.168.137.108,66,1552762959.327754
172.217.3.195,benign,172.217.3.195,192.168.137.108,217,1552762959.328582
172.217.3.195,benign,192.168.137.108,172.217.3.195,66,1552762959.331646
172.217.3.195,benign,192.168.137.108,172.217.3.195,125,1552762959.335461
172.217.3.195,benign,172.217.3.195,192.168.137.108,66,1552762959.407669
172.217.3.195,benign,192.168.137.108,172.217.3.195,327,1552762959.414076
172.217.3.195,benign,172.217.3.195,192.168.137.108,66,1552762959.444249
172.217.3.195,benign,172.217.3.195,192.168.137.108,231,1552762959.445197
172.217.3.195,benign,192.168.137.108,172.217.3.195,66,1552762959.479827
172.217.3.195,benign,192.168.137.108,172.217.3.195,327,1552762962.519698
172.217.3.195,benign,172.217.3.195,192.168.137.108,231,1552762962.553393
172.217.3.195,benign,192.168.137.108,172.217.3.195,66,1552762962.555487
192.168.137.255,benign,192.168.137.1,192.168.137.255,188,1552762968.034105
192.168.137.255,benign,192.168.137.1,192.168.137.255,188,1552762998.093127
192.168.137.255,benign,192.168.137.1,192.168.137.255,188,1552763028.233505
192.168.137.255,benign,192.168.137.1,192.168.137.255,188,1552763058.347946
192.168.137.255,benign,192.168.137.1,192.168.137.255,188,1552763088.451326
192.168.137.255,benign,192.168.137.1,192.168.137.255,188,1552763118.555801
192.168.137.255,benign,192.168.137.1,192.168.137.255,188,1552763148.656942
192.168.137.255,benign,192.168.137.1,192.168.137.255,188,1552763178.727065
192.168.137.1,benign,192.168.137.108,192.168.137.1,351,1552763194.014032
192.168.137.108,benign,192.168.137.1,192.168.137.108,344,1552763194.018899
172.217.3.195,benign,172.217.3.195,192.168.137.108,66,1552763202.557523
172.217.3.195,benign,192.168.137.108,172.217.3.195,66,1552763202.707569
192.168.137.255,benign,192.168.137.1,192.168.137.255,188,1552763208.823168
192.168.137.255,benign,192.168.137.1,192.168.137.255,188,1552763238.933648
192.168.137.1,benign,192.168.137.108,192.168.137.1,79,1552763246.669184
192.168.137.108,benign,192.168.137.1,192.168.137.108,193,1552763246.706005
172.217.3.170,benign,192.168.137.108,172.217.3.170,74,1552763246.762014
172.217.3.170,benign,172.217.3.170,192.168.137.108,74,1552763246.794196
172.217.3.170,benign,192.168.137.108,172.217.3.170,66,1552763246.796055
172.217.3.170,benign,192.168.137.108,172.217.3.170,527,1552763246.802174
172.217.3.170,benign,172.217.3.170,192.168.137.108,66,1552763246.834276
172.217.3.170,benign,172.217.3.170,192.168.137.108,217,1552763246.835057
172.217.3.170,benign,192.168.137.108,172.217.3.170,66,1552763246.925019
172.217.3.170,benign,192.168.137.108,172.217.3.170,125,1552763246.929274
172.217.3.170,benign,192.168.137.108,172.217.3.170,1434,1552763246.976012
172.217.3.170,benign,192.168.137.108,172.217.3.170,1434,1552763246.976374
172.217.3.170,benign,172.217.3.170,192.168.137.108,66,1552763247.000174
172.217.3.170,benign,192.168.137.108,172.217.3.170,1036,1552763247.001575
172.217.3.170,benign,172.217.3.170,192.168.137.108,66,1552763247.007081
172.217.3.170,benign,172.217.3.170,192.168.137.108,66,1552763247.007115
172.217.3.170,benign,172.217.3.170,192.168.137.108,66,1552763247.031559
172.217.3.170,benign,172.217.3.170,192.168.137.108,679,1552763247.063319
172.217.3.170,benign,172.217.3.170,192.168.137.108,231,1552763247.063719
172.217.3.170,benign,172.217.3.170,192.168.137.108,103,1552763247.063965
172.217.3.170,benign,192.168.137.108,172.217.3.170,66,1552763247.131957
172.217.3.170,benign,172.217.3.170,192.168.137.108,103,1552763247.154136
172.217.3.170,benign,192.168.137.108,172.217.3.170,78,1552763247.156088
192.168.137.255,benign,192.168.137.1,192.168.137.255,188,1552763269.039297
192.168.137.255,benign,192.168.137.1,192.168.137.255,188,1552763299.111499
192.168.137.255,benign,192.168.137.1,192.168.137.255,188,1552763329.220453
192.168.137.255,benign,192.168.137.1,192.168.137.255,188,1552763359.380976
