Service,Src IP,Dst IP,Frame Size,Timestamp
benign,192.168.137.46,216.58.217.37,74,1553850828.904852
benign,216.58.217.37,192.168.137.46,74,1553850828.934989
benign,192.168.137.46,216.58.217.37,66,1553850828.937067
benign,192.168.137.46,216.58.217.37,250,1553850829.006098
benign,216.58.217.37,192.168.137.46,66,1553850829.036098
benign,216.58.217.37,192.168.137.46,1484,1553850829.044075
benign,216.58.217.37,192.168.137.46,991,1553850829.044168
benign,216.58.217.37,192.168.137.46,991,1553850829.111097
benign,192.168.137.46,216.58.217.37,66,1553850829.160743
benign,192.168.137.46,216.58.217.37,66,1553850829.161068
benign,192.168.137.46,216.58.217.37,78,1553850829.161754
benign,192.168.137.46,216.58.217.37,159,1553850829.267679
benign,216.58.217.37,192.168.137.46,350,1553850829.294589
benign,216.58.217.37,192.168.137.46,135,1553850829.294845
benign,192.168.137.46,216.58.217.37,1271,1553850829.295963
benign,216.58.217.37,192.168.137.46,104,1553850829.323265
benign,192.168.137.46,216.58.217.37,104,1553850829.32456
benign,216.58.217.37,192.168.137.46,66,1553850829.396224
benign,216.58.217.37,192.168.137.46,1085,1553850829.524732
benign,216.58.217.37,192.168.137.46,598,1553850829.525447
benign,192.168.137.46,216.58.217.37,66,1553850829.52647
benign,216.58.217.37,192.168.137.46,129,1553850829.529938
benign,216.58.217.37,192.168.137.46,222,1553850829.530889
benign,216.58.217.37,192.168.137.46,112,1553850829.530993
benign,192.168.137.46,216.58.217.37,66,1553850829.533105
benign,192.168.137.46,216.58.217.37,112,1553850829.544262
benign,216.58.217.37,192.168.137.46,66,1553850829.571729
benign,192.168.137.46,23.23.123.86,66,1553850839.619353
benign,192.168.137.46,23.23.43.102,66,1553850839.972481
benign,192.168.137.46,23.23.43.102,66,1553850839.973241
benign,192.168.137.46,23.23.43.102,66,1553850840.397574
benign,192.168.137.46,23.23.43.102,66,1553850840.398768
benign,192.168.137.46,23.23.43.102,66,1553850840.398923
benign,192.168.137.46,23.23.43.102,66,1553850840.39973
benign,184.73.216.194,192.168.137.46,97,1553850849.618697
benign,192.168.137.46,184.73.216.194,66,1553850849.620207
benign,192.168.137.46,216.58.217.37,1434,1553850852.090021
benign,192.168.137.46,216.58.217.37,294,1553850852.115075
benign,216.58.217.37,192.168.137.46,66,1553850852.121147
benign,216.58.217.37,192.168.137.46,66,1553850852.145028
benign,216.58.217.37,192.168.137.46,359,1553850852.226641
benign,216.58.217.37,192.168.137.46,323,1553850852.228951
benign,216.58.217.37,192.168.137.46,320,1553850852.229596
benign,216.58.217.37,192.168.137.46,112,1553850852.229688
benign,192.168.137.46,216.58.217.37,66,1553850852.234661
benign,192.168.137.46,216.58.217.37,112,1553850852.238978
benign,216.58.217.37,192.168.137.46,66,1553850852.26843
benign,184.73.216.194,192.168.137.46,66,1553850854.627362
benign,184.73.216.194,192.168.137.46,66,1553850854.991379
benign,192.168.137.46,184.73.216.194,78,1553850855.140512
benign,192.168.137.46,23.23.123.86,66,1553850875.939897
benign,192.168.137.46,23.23.43.102,66,1553850876.723657
benign,192.168.137.46,23.23.43.102,66,1553850876.724368
benign,192.168.137.46,23.23.43.102,66,1553850877.651184
benign,192.168.137.46,23.23.43.102,66,1553850877.6515
benign,192.168.137.46,23.23.43.102,66,1553850877.659814
benign,192.168.137.46,23.23.43.102,66,1553850877.660509
benign,192.168.137.46,52.207.39.134,74,1553850878.107134
benign,52.207.39.134,192.168.137.46,74,1553850878.193553
benign,192.168.137.46,52.207.39.134,66,1553850878.194856
benign,192.168.137.46,52.207.39.134,253,1553850878.196881
benign,52.207.39.134,192.168.137.46,66,1553850878.284594
benign,52.207.39.134,192.168.137.46,1514,1553850878.285324
benign,192.168.137.46,52.207.39.134,66,1553850878.286306
benign,52.207.39.134,192.168.137.46,1514,1553850878.286542
benign,52.207.39.134,192.168.137.46,1266,1553850878.286998
benign,52.207.39.134,192.168.137.46,1218,1553850878.287203
benign,192.168.137.46,52.207.39.134,66,1553850878.288132
benign,192.168.137.46,52.207.39.134,66,1553850878.288408
benign,192.168.137.46,52.207.39.134,66,1553850878.288705
benign,192.168.137.46,52.207.39.134,192,1553850878.304813
benign,52.207.39.134,192.168.137.46,117,1553850878.385864
benign,192.168.137.46,52.207.39.134,1126,1553850878.39133
benign,192.168.137.46,52.207.39.134,1514,1553850878.391586
benign,192.168.137.46,52.207.39.134,1514,1553850878.397905
benign,192.168.137.46,52.207.39.134,1514,1553850878.398193
benign,192.168.137.46,52.207.39.134,1514,1553850878.398683
benign,192.168.137.46,52.207.39.134,1514,1553850878.398976
benign,192.168.137.46,52.207.39.134,1514,1553850878.399468
benign,192.168.137.46,52.207.39.134,1514,1553850878.399772
benign,192.168.137.46,52.207.39.134,1514,1553850878.400246
benign,192.168.137.46,52.207.39.134,1514,1553850878.400426
benign,52.207.39.134,192.168.137.46,66,1553850878.47395
benign,192.168.137.46,52.207.39.134,1514,1553850878.475413
benign,52.207.39.134,192.168.137.46,66,1553850878.480252
benign,192.168.137.46,52.207.39.134,1514,1553850878.480261
benign,192.168.137.46,52.207.39.134,1514,1553850878.480571
benign,192.168.137.46,52.207.39.134,1514,1553850878.481725
benign,192.168.137.46,52.207.39.134,1514,1553850878.482167
benign,192.168.137.46,52.207.39.134,1514,1553850878.483288
benign,192.168.137.46,52.207.39.134,1514,1553850878.484262
benign,192.168.137.46,52.207.39.134,1514,1553850878.48471
benign,52.207.39.134,192.168.137.46,66,1553850878.486246
benign,192.168.137.46,52.207.39.134,1514,1553850878.487385
benign,52.207.39.134,192.168.137.46,66,1553850878.487392
benign,192.168.137.46,52.207.39.134,1427,1553850878.488362
benign,52.207.39.134,192.168.137.46,66,1553850878.53147
benign,52.207.39.134,192.168.137.46,66,1553850878.558102
benign,52.207.39.134,192.168.137.46,66,1553850878.564709
benign,52.207.39.134,192.168.137.46,66,1553850878.56981
benign,52.207.39.134,192.168.137.46,66,1553850878.569887
benign,52.207.39.134,192.168.137.46,66,1553850878.571151
benign,52.207.39.134,192.168.137.46,66,1553850878.574864
benign,52.207.39.134,192.168.137.46,228,1553850878.57934
benign,192.168.137.46,52.207.39.134,66,1553850878.619983
benign,54.221.255.120,192.168.137.46,97,1553850878.647022
benign,192.168.137.46,54.221.255.120,66,1553850878.648242
benign,54.77.250.195,192.168.137.46,97,1553850879.709921
benign,192.168.137.46,54.77.250.195,66,1553850879.711736
benign,52.208.90.212,192.168.137.46,97,1553850880.722095
benign,52.208.90.212,192.168.137.46,97,1553850881.149331
benign,192.168.137.46,52.208.90.212,66,1553850881.332768
benign,192.168.137.46,52.208.90.212,78,1553850881.333059
benign,192.168.137.46,172.217.3.165,74,1553850882.187717
benign,172.217.3.165,192.168.137.46,74,1553850882.218248
benign,192.168.137.46,172.217.3.165,66,1553850882.220943
benign,192.168.137.46,172.217.3.165,249,1553850882.223885
benign,172.217.3.165,192.168.137.46,66,1553850882.255329
benign,172.217.3.165,192.168.137.46,1484,1553850882.262372
benign,172.217.3.165,192.168.137.46,991,1553850882.262474
benign,192.168.137.46,172.217.3.165,66,1553850882.26368
benign,192.168.137.46,172.217.3.165,66,1553850882.265027
benign,192.168.137.46,172.217.3.165,159,1553850882.276988
benign,172.217.3.165,192.168.137.46,350,1553850882.304248
benign,172.217.3.165,192.168.137.46,135,1553850882.304401
benign,192.168.137.46,172.217.3.165,1119,1553850882.305574
benign,172.217.3.165,192.168.137.46,104,1553850882.332746
benign,192.168.137.46,172.217.3.165,104,1553850882.334732
benign,172.217.3.165,192.168.137.46,66,1553850882.401351
benign,172.217.3.165,192.168.137.46,1484,1553850882.786128
benign,172.217.3.165,192.168.137.46,1484,1553850882.786867
benign,172.217.3.165,192.168.137.46,194,1553850882.787282
benign,192.168.137.46,172.217.3.165,66,1553850882.795284
benign,172.217.3.165,192.168.137.46,104,1553850882.797415
benign,172.217.3.165,192.168.137.46,112,1553850882.797652
benign,192.168.137.46,172.217.3.165,66,1553850882.809452
benign,192.168.137.46,172.217.3.165,112,1553850882.810477
benign,172.217.3.165,192.168.137.46,66,1553850882.841313
benign,192.168.137.46,172.217.3.165,1434,1553850882.86227
benign,192.168.137.46,172.217.3.165,77,1553850882.86279
benign,172.217.3.165,192.168.137.46,66,1553850882.889122
benign,172.217.3.165,192.168.137.46,66,1553850882.893708
benign,172.217.3.165,192.168.137.46,144,1553850883.066707
benign,172.217.3.165,192.168.137.46,111,1553850883.066789
benign,192.168.137.46,172.217.3.165,66,1553850883.069045
benign,172.217.3.165,192.168.137.46,104,1553850883.070855
benign,172.217.3.165,192.168.137.46,112,1553850883.070958
benign,192.168.137.46,172.217.3.165,66,1553850883.073846
benign,192.168.137.46,172.217.3.165,112,1553850883.074721
benign,172.217.3.165,192.168.137.46,66,1553850883.105133
benign,54.221.255.120,192.168.137.46,66,1553850883.656191
benign,192.168.137.46,54.221.255.120,66,1553850884.136803
benign,54.221.255.120,192.168.137.46,66,1553850884.153557
benign,192.168.137.46,54.221.255.120,78,1553850884.155052
benign,54.77.250.195,192.168.137.46,66,1553850884.73944
benign,192.168.137.46,54.77.250.195,66,1553850885.163589
benign,52.208.90.212,192.168.137.46,66,1553850885.73964
benign,192.168.137.46,52.208.90.212,66,1553850885.906802
benign,192.168.137.46,151.101.53.140,732,1553850916.816254
benign,151.101.53.140,192.168.137.46,108,1553850916.85314
benign,192.168.137.46,151.101.53.140,66,1553850916.85423
benign,151.101.53.140,192.168.137.46,560,1553850916.930086
benign,192.168.137.46,151.101.53.140,66,1553850916.931394
benign,192.168.137.46,151.101.53.140,519,1553850920.52044
benign,151.101.53.140,192.168.137.46,108,1553850920.552975
benign,192.168.137.46,151.101.53.140,66,1553850920.554353
benign,151.101.53.140,192.168.137.46,529,1553850920.6438
benign,192.168.137.46,151.101.53.140,66,1553850920.644893
benign,192.168.137.46,151.101.53.140,525,1553850923.754322
benign,151.101.53.140,192.168.137.46,108,1553850923.787489
benign,192.168.137.46,151.101.53.140,66,1553850923.788703
benign,151.101.53.140,192.168.137.46,752,1553850923.874493
benign,192.168.137.46,151.101.53.140,66,1553850923.876062
benign,192.168.137.46,151.101.53.140,392,1553850924.281467
benign,151.101.53.140,192.168.137.46,108,1553850924.310798
benign,192.168.137.46,151.101.53.140,66,1553850924.311943
benign,151.101.53.140,192.168.137.46,505,1553850924.398546
benign,192.168.137.46,151.101.53.140,66,1553850924.400186
benign,192.168.137.46,151.101.53.140,573,1553850933.879899
benign,151.101.53.140,192.168.137.46,108,1553850933.912226
benign,192.168.137.46,151.101.53.140,66,1553850933.914043
benign,151.101.53.140,192.168.137.46,528,1553850933.993169
benign,192.168.137.46,151.101.53.140,66,1553850933.996628
benign,192.168.137.46,151.101.53.140,712,1553850937.373006
benign,151.101.53.140,192.168.137.46,108,1553850937.405751
benign,192.168.137.46,151.101.53.140,66,1553850937.406872
benign,151.101.53.140,192.168.137.46,547,1553850937.48668
benign,192.168.137.46,151.101.53.140,66,1553850937.487815
benign,192.168.137.46,151.101.53.140,559,1553850941.861856
benign,151.101.53.140,192.168.137.46,108,1553850941.894468
benign,192.168.137.46,151.101.53.140,66,1553850941.895699
benign,151.101.53.140,192.168.137.46,529,1553850941.98536
benign,192.168.137.46,151.101.53.140,66,1553850941.986462
benign,192.168.137.46,151.101.53.140,1514,1553850947.058608
benign,192.168.137.46,151.101.53.140,1514,1553850947.074051
benign,192.168.137.46,151.101.53.140,1514,1553850947.074428
benign,192.168.137.46,151.101.53.140,697,1553850947.07479
benign,151.101.53.140,192.168.137.46,66,1553850947.10828
benign,151.101.53.140,192.168.137.46,108,1553850947.109034
benign,192.168.137.46,151.101.53.140,66,1553850947.110599
benign,151.101.53.140,192.168.137.46,178,1553850947.17327
benign,192.168.137.46,151.101.53.140,66,1553850947.220583
benign,192.168.137.46,52.207.39.134,1514,1553850949.584162
benign,192.168.137.46,52.207.39.134,1514,1553850949.599461
benign,192.168.137.46,52.207.39.134,1514,1553850949.600436
benign,192.168.137.46,52.207.39.134,1514,1553850949.600889
benign,192.168.137.46,52.207.39.134,1514,1553850949.601909
benign,192.168.137.46,52.207.39.134,1514,1553850949.602351
benign,192.168.137.46,52.207.39.134,1514,1553850949.602781
benign,192.168.137.46,52.207.39.134,1514,1553850949.603219
benign,192.168.137.46,52.207.39.134,1514,1553850949.605532
benign,192.168.137.46,52.207.39.134,1514,1553850949.64872
benign,52.207.39.134,192.168.137.46,78,1553850949.669841
benign,52.207.39.134,192.168.137.46,78,1553850949.685864
benign,52.207.39.134,192.168.137.46,78,1553850949.685925
benign,192.168.137.46,52.207.39.134,1126,1553850949.687059
benign,52.207.39.134,192.168.137.46,78,1553850949.689273
benign,52.207.39.134,192.168.137.46,78,1553850949.690345
benign,192.168.137.46,52.207.39.134,1514,1553850949.690346
benign,192.168.137.46,52.207.39.134,1514,1553850949.691598
benign,192.168.137.46,52.207.39.134,1514,1553850949.691945
benign,192.168.137.46,52.207.39.134,1514,1553850949.692296
benign,192.168.137.46,52.207.39.134,1514,1553850949.692599
benign,52.207.39.134,192.168.137.46,78,1553850949.730671
benign,192.168.137.46,52.207.39.134,1514,1553850949.731752
benign,52.207.39.134,192.168.137.46,66,1553850949.7697
benign,192.168.137.46,52.207.39.134,1033,1553850949.770899
benign,52.207.39.134,192.168.137.46,66,1553850949.775303
benign,52.207.39.134,192.168.137.46,66,1553850949.775375
benign,52.207.39.134,192.168.137.46,66,1553850949.779727
benign,52.207.39.134,192.168.137.46,66,1553850949.813615
benign,52.207.39.134,192.168.137.46,66,1553850949.852742
benign,52.207.39.134,192.168.137.46,228,1553850949.856883
benign,192.168.137.46,52.207.39.134,66,1553850949.892191
benign,192.168.137.46,52.207.39.134,1126,1553851012.887568
benign,192.168.137.46,52.207.39.134,1514,1553851012.893245
benign,192.168.137.46,52.207.39.134,1514,1553851012.893476
benign,192.168.137.46,52.207.39.134,1514,1553851012.893852
benign,192.168.137.46,52.207.39.134,1514,1553851012.894169
benign,192.168.137.46,52.207.39.134,1514,1553851012.894569
benign,192.168.137.46,52.207.39.134,1514,1553851012.898408
benign,192.168.137.46,52.207.39.134,1514,1553851012.898771
benign,52.207.39.134,192.168.137.46,66,1553851012.979897
benign,52.207.39.134,192.168.137.46,66,1553851012.980413
benign,192.168.137.46,52.207.39.134,1514,1553851012.981368
benign,192.168.137.46,52.207.39.134,1514,1553851012.981716
benign,192.168.137.46,52.207.39.134,1514,1553851012.9821
benign,192.168.137.46,52.207.39.134,1514,1553851012.982543
benign,192.168.137.46,52.207.39.134,1514,1553851012.982853
benign,52.207.39.134,192.168.137.46,66,1553851012.985937
benign,192.168.137.46,52.207.39.134,1514,1553851012.987163
benign,192.168.137.46,52.207.39.134,1514,1553851012.989731
benign,52.207.39.134,192.168.137.46,66,1553851013.029301
benign,192.168.137.46,52.207.39.134,1514,1553851013.03069
benign,52.207.39.134,192.168.137.46,66,1553851013.066041
benign,52.207.39.134,192.168.137.46,66,1553851013.067207
benign,192.168.137.46,52.207.39.134,1514,1553851013.067471
benign,192.168.137.46,52.207.39.134,1514,1553851013.0686
benign,192.168.137.46,52.207.39.134,1514,1553851013.069019
benign,192.168.137.46,52.207.39.134,1514,1553851013.069995
benign,192.168.137.46,52.207.39.134,1514,1553851013.070408
benign,52.207.39.134,192.168.137.46,66,1553851013.070704
benign,192.168.137.46,52.207.39.134,414,1553851013.070824
benign,52.207.39.134,192.168.137.46,66,1553851013.072268
benign,52.207.39.134,192.168.137.46,66,1553851013.112439
benign,52.207.39.134,192.168.137.46,66,1553851013.149726
benign,52.207.39.134,192.168.137.46,66,1553851013.155998
benign,52.207.39.134,192.168.137.46,66,1553851013.156553
benign,52.207.39.134,192.168.137.46,228,1553851013.160695
benign,192.168.137.46,52.207.39.134,66,1553851013.162333
benign,192.168.137.46,151.101.53.140,728,1553851025.641943
benign,151.101.53.140,192.168.137.46,108,1553851025.675207
benign,192.168.137.46,151.101.53.140,66,1553851025.67658
benign,151.101.53.140,192.168.137.46,784,1553851025.748875
benign,192.168.137.46,151.101.53.140,66,1553851025.750301
benign,52.84.50.41,192.168.137.46,97,1553851058.302506
benign,52.84.50.41,192.168.137.46,66,1553851058.302852
benign,52.84.50.41,192.168.137.46,66,1553851058.38135
benign,192.168.137.46,52.84.50.41,78,1553851058.518151
benign,192.168.137.46,151.101.53.140,513,1553851059.839567
benign,151.101.53.140,192.168.137.46,108,1553851059.871887
benign,192.168.137.46,151.101.53.140,66,1553851059.873702
benign,151.101.53.140,192.168.137.46,528,1553851059.967882
benign,192.168.137.46,151.101.53.140,66,1553851059.969257
benign,192.168.137.46,151.101.53.140,514,1553851061.96759
benign,151.101.53.140,192.168.137.46,108,1553851062.000319
benign,192.168.137.46,151.101.53.140,66,1553851062.001596
benign,151.101.53.140,192.168.137.46,525,1553851062.09111
benign,192.168.137.46,151.101.53.140,66,1553851062.092205
benign,192.168.137.46,151.101.53.140,554,1553851068.291036
benign,151.101.53.140,192.168.137.46,108,1553851068.323348
benign,192.168.137.46,151.101.53.140,66,1553851068.324585
benign,151.101.53.140,192.168.137.46,546,1553851068.419288
benign,192.168.137.46,151.101.53.140,66,1553851068.473414
benign,192.168.137.46,151.101.53.140,702,1553851070.866222
benign,151.101.53.140,192.168.137.46,108,1553851070.898748
benign,192.168.137.46,151.101.53.140,66,1553851070.90025
benign,151.101.53.140,192.168.137.46,526,1553851070.981731
benign,192.168.137.46,151.101.53.140,66,1553851070.982866
benign,192.168.137.46,151.101.53.140,1514,1553851071.932745
benign,192.168.137.46,151.101.53.140,1514,1553851071.947402
benign,192.168.137.46,151.101.53.140,1514,1553851071.947755
benign,192.168.137.46,151.101.53.140,1494,1553851071.948268
benign,151.101.53.140,192.168.137.46,66,1553851071.981021
benign,151.101.53.140,192.168.137.46,108,1553851071.981706
benign,192.168.137.46,151.101.53.140,66,1553851071.982837
benign,151.101.53.140,192.168.137.46,178,1553851072.048872
benign,192.168.137.46,151.101.53.140,66,1553851072.050086
benign,192.168.137.46,151.101.53.140,541,1553851074.591852
benign,151.101.53.140,192.168.137.46,108,1553851074.625439
benign,192.168.137.46,151.101.53.140,66,1553851074.627191
benign,151.101.53.140,192.168.137.46,755,1553851074.714516
benign,192.168.137.46,151.101.53.140,66,1553851074.716089
benign,192.168.137.46,52.207.39.134,1126,1553851077.754457
benign,192.168.137.46,52.207.39.134,1514,1553851077.756571
benign,192.168.137.46,52.207.39.134,1514,1553851077.757424
benign,192.168.137.46,52.207.39.134,1514,1553851077.757879
benign,192.168.137.46,52.207.39.134,1514,1553851077.758266
benign,192.168.137.46,52.207.39.134,1514,1553851077.758722
benign,192.168.137.46,52.207.39.134,1514,1553851077.759153
benign,192.168.137.46,52.207.39.134,1514,1553851077.759578
benign,192.168.137.46,52.207.39.134,1514,1553851077.759998
benign,192.168.137.46,52.207.39.134,1514,1553851077.760428
benign,52.207.39.134,192.168.137.46,66,1553851077.846046
benign,52.207.39.134,192.168.137.46,66,1553851077.846647
benign,52.207.39.134,192.168.137.46,66,1553851077.846745
benign,192.168.137.46,52.207.39.134,1514,1553851077.847731
benign,192.168.137.46,52.207.39.134,1514,1553851077.84797
benign,192.168.137.46,52.207.39.134,1514,1553851077.848565
benign,52.207.39.134,192.168.137.46,66,1553851077.849095
benign,192.168.137.46,52.207.39.134,694,1553851077.849391
benign,52.207.39.134,192.168.137.46,66,1553851077.9303
benign,52.207.39.134,192.168.137.46,66,1553851077.935234
benign,52.207.39.134,192.168.137.46,228,1553851077.938429
benign,192.168.137.46,52.207.39.134,66,1553851077.939535
benign,216.58.217.37,192.168.137.46,129,1553851092.243575
benign,216.58.217.37,192.168.137.46,66,1553851092.243747
benign,216.58.217.37,192.168.137.46,66,1553851092.328368
benign,192.168.137.46,216.58.217.37,78,1553851092.385266
benign,192.168.137.46,216.58.217.37,97,1553851092.388797
benign,192.168.137.46,216.58.217.37,66,1553851092.3899
benign,216.58.217.37,192.168.137.46,54,1553851092.427348
benign,216.58.217.37,192.168.137.46,54,1553851092.42816
benign,192.168.137.46,151.101.53.140,767,1553851099.222806
benign,151.101.53.140,192.168.137.46,108,1553851099.256645
benign,192.168.137.46,151.101.53.140,66,1553851099.258105
benign,151.101.53.140,192.168.137.46,529,1553851099.331597
benign,192.168.137.46,151.101.53.140,66,1553851099.333476
benign,192.168.137.46,151.101.53.140,591,1553851107.494955
benign,151.101.53.140,192.168.137.46,108,1553851107.52716
benign,192.168.137.46,151.101.53.140,66,1553851107.52832
benign,151.101.53.140,192.168.137.46,527,1553851107.605037
benign,192.168.137.46,151.101.53.140,66,1553851107.606216
benign,192.168.137.46,151.101.53.140,597,1553851110.636979
benign,151.101.53.140,192.168.137.46,108,1553851110.669509
benign,192.168.137.46,151.101.53.140,66,1553851110.670632
benign,151.101.53.140,192.168.137.46,546,1553851110.746494
benign,192.168.137.46,151.101.53.140,66,1553851110.747575
benign,192.168.137.46,54.221.255.120,97,1553851118.052311
benign,192.168.137.46,54.221.255.120,66,1553851118.052474
benign,54.221.255.120,192.168.137.46,54,1553851118.135862
benign,192.168.137.46,52.84.50.41,97,1553851118.306478
benign,192.168.137.46,52.84.50.41,66,1553851118.306704
benign,52.84.50.41,192.168.137.46,54,1553851118.338725
benign,192.168.137.46,151.101.53.140,97,1553851118.682431
benign,192.168.137.46,151.101.53.140,66,1553851118.682686
benign,192.168.137.46,151.101.53.140,97,1553851118.685571
benign,192.168.137.46,151.101.53.140,66,1553851118.685809
benign,151.101.53.140,192.168.137.46,66,1553851118.716082
benign,151.101.53.140,192.168.137.46,97,1553851118.716401
benign,151.101.53.140,192.168.137.46,66,1553851118.716622
benign,192.168.137.46,151.101.53.140,54,1553851118.717412
benign,192.168.137.46,151.101.53.140,54,1553851118.717687
benign,151.101.53.140,192.168.137.46,66,1553851118.720319
benign,151.101.53.140,192.168.137.46,97,1553851118.720975
benign,151.101.53.140,192.168.137.46,66,1553851118.721223
benign,192.168.137.46,151.101.53.140,54,1553851118.721784
benign,192.168.137.46,151.101.53.140,54,1553851118.722128
benign,192.168.137.46,151.101.53.140,54,1553851118.722817
benign,192.168.137.46,184.73.216.194,97,1553851118.733119
benign,192.168.137.46,184.73.216.194,66,1553851118.733367
benign,184.73.216.194,192.168.137.46,54,1553851118.819872
benign,192.168.137.46,54.77.250.195,97,1553851118.980236
benign,192.168.137.46,54.77.250.195,66,1553851118.980844
benign,54.77.250.195,192.168.137.46,54,1553851119.136993
benign,192.168.137.46,151.101.53.140,97,1553851119.263412
benign,192.168.137.46,151.101.53.140,66,1553851119.263975
benign,151.101.53.140,192.168.137.46,66,1553851119.296055
benign,151.101.53.140,192.168.137.46,97,1553851119.296897
benign,151.101.53.140,192.168.137.46,66,1553851119.297014
benign,192.168.137.46,151.101.53.140,54,1553851119.298652
benign,192.168.137.46,151.101.53.140,54,1553851119.300583
benign,151.101.53.140,192.168.137.46,66,1553851119.300748
benign,192.168.137.46,151.101.53.140,54,1553851119.302058
benign,192.168.137.46,52.208.90.212,97,1553851120.758754
benign,192.168.137.46,52.208.90.212,66,1553851120.759131
benign,52.208.90.212,192.168.137.46,54,1553851120.913124
benign,192.168.137.46,216.58.217.37,74,1553851122.11325
benign,216.58.217.37,192.168.137.46,74,1553851122.142388
benign,192.168.137.46,216.58.217.37,66,1553851122.144224
benign,192.168.137.46,216.58.217.37,583,1553851122.14635
benign,216.58.217.37,192.168.137.46,66,1553851122.17852
benign,216.58.217.37,192.168.137.46,222,1553851122.179564
benign,192.168.137.46,216.58.217.37,66,1553851122.180722
benign,192.168.137.46,216.58.217.37,117,1553851122.181984
benign,192.168.137.46,216.58.217.37,1434,1553851122.198713
benign,216.58.217.37,192.168.137.46,135,1553851122.21461
benign,192.168.137.46,216.58.217.37,559,1553851122.215807
benign,216.58.217.37,192.168.137.46,104,1553851122.226376
benign,192.168.137.46,216.58.217.37,66,1553851122.267362
benign,216.58.217.37,192.168.137.46,66,1553851122.283097
benign,192.168.137.46,216.58.217.37,104,1553851122.284714
benign,216.58.217.37,192.168.137.46,66,1553851122.311229
benign,216.58.217.37,192.168.137.46,407,1553851122.319323
benign,192.168.137.46,216.58.217.37,66,1553851122.320633
benign,216.58.217.37,192.168.137.46,208,1553851122.321346
benign,216.58.217.37,192.168.137.46,232,1553851122.321487
benign,216.58.217.37,192.168.137.46,112,1553851122.321909
benign,192.168.137.46,216.58.217.37,66,1553851122.323398
benign,192.168.137.46,216.58.217.37,66,1553851122.323616
benign,192.168.137.46,216.58.217.37,66,1553851122.323909
benign,192.168.137.46,216.58.217.37,112,1553851122.341562
benign,216.58.217.37,192.168.137.46,66,1553851122.407921
benign,172.217.3.165,192.168.137.46,129,1553851123.079771
benign,172.217.3.165,192.168.137.46,66,1553851123.08
benign,172.217.3.165,192.168.137.46,66,1553851123.15162
benign,192.168.137.46,172.217.3.165,78,1553851123.209833
benign,192.168.137.46,172.217.3.165,97,1553851123.211234
benign,192.168.137.46,172.217.3.165,66,1553851123.211859
benign,172.217.3.165,192.168.137.46,54,1553851123.242542
benign,172.217.3.165,192.168.137.46,54,1553851123.242864
benign,192.168.137.46,151.101.53.140,629,1553851135.473405
benign,151.101.53.140,192.168.137.46,108,1553851135.507293
benign,192.168.137.46,151.101.53.140,66,1553851135.515847
benign,151.101.53.140,192.168.137.46,556,1553851135.584668
benign,192.168.137.46,151.101.53.140,66,1553851135.668508
benign,192.168.137.46,151.101.53.140,759,1553851136.103365
benign,151.101.53.140,192.168.137.46,108,1553851136.133749
benign,192.168.137.46,151.101.53.140,66,1553851136.135042
benign,151.101.53.140,192.168.137.46,762,1553851136.388
benign,151.101.53.140,192.168.137.46,762,1553851136.638412
benign,151.101.53.140,192.168.137.46,762,1553851136.894619
benign,192.168.137.46,151.101.53.140,66,1553851137.032703
benign,192.168.137.46,151.101.53.140,78,1553851137.032907
benign,192.168.137.46,151.101.53.140,78,1553851137.033154
benign,192.168.137.46,52.207.39.134,1126,1553851140.370563
benign,192.168.137.46,52.207.39.134,1514,1553851140.392812
benign,192.168.137.46,52.207.39.134,1514,1553851140.393265
benign,192.168.137.46,52.207.39.134,1514,1553851140.393587
benign,192.168.137.46,52.207.39.134,1514,1553851140.393943
benign,192.168.137.46,52.207.39.134,1514,1553851140.394345
benign,192.168.137.46,52.207.39.134,1514,1553851140.397031
benign,192.168.137.46,52.207.39.134,1514,1553851140.397995
benign,192.168.137.46,52.207.39.134,1514,1553851140.39903
benign,192.168.137.46,52.207.39.134,1514,1553851140.39945
benign,52.207.39.134,192.168.137.46,66,1553851140.47984
benign,52.207.39.134,192.168.137.46,66,1553851140.480426
benign,192.168.137.46,52.207.39.134,1514,1553851140.481671
benign,192.168.137.46,52.207.39.134,1514,1553851140.481996
benign,192.168.137.46,52.207.39.134,1514,1553851140.482413
benign,192.168.137.46,52.207.39.134,1514,1553851140.482791
benign,192.168.137.46,52.207.39.134,1514,1553851140.483641
benign,52.207.39.134,192.168.137.46,66,1553851140.484557
benign,52.207.39.134,192.168.137.46,66,1553851140.484624
benign,192.168.137.46,52.207.39.134,1514,1553851140.484714
benign,192.168.137.46,52.207.39.134,1483,1553851140.486355
benign,52.207.39.134,192.168.137.46,66,1553851140.569642
benign,52.207.39.134,192.168.137.46,66,1553851140.571004
benign,52.207.39.134,192.168.137.46,228,1553851140.574316
benign,192.168.137.46,52.207.39.134,66,1553851140.575818
benign,192.168.137.46,151.101.53.140,517,1553851163.921486
benign,151.101.53.140,192.168.137.46,108,1553851163.955768
benign,192.168.137.46,151.101.53.140,66,1553851163.956919
benign,151.101.53.140,192.168.137.46,528,1553851164.032679
benign,192.168.137.46,151.101.53.140,66,1553851164.037042
benign,192.168.137.46,151.101.53.140,709,1553851169.384154
benign,151.101.53.140,192.168.137.46,108,1553851169.416761
benign,192.168.137.46,151.101.53.140,66,1553851169.417968
benign,151.101.53.140,192.168.137.46,529,1553851169.493837
benign,192.168.137.46,151.101.53.140,66,1553851169.495049
benign,192.168.137.46,151.101.53.140,519,1553851170.849333
benign,151.101.53.140,192.168.137.46,108,1553851170.883023
benign,192.168.137.46,151.101.53.140,66,1553851170.884138
benign,151.101.53.140,192.168.137.46,545,1553851170.964841
benign,192.168.137.46,151.101.53.140,66,1553851170.966253
benign,192.168.137.46,151.101.53.140,521,1553851174.144286
benign,151.101.53.140,192.168.137.46,108,1553851174.177626
benign,192.168.137.46,151.101.53.140,66,1553851174.178911
benign,151.101.53.140,192.168.137.46,528,1553851174.255394
benign,192.168.137.46,151.101.53.140,66,1553851174.256931
benign,192.168.137.46,151.101.53.140,561,1553851177.141672
benign,151.101.53.140,192.168.137.46,108,1553851177.174137
benign,192.168.137.46,151.101.53.140,66,1553851177.175436
benign,151.101.53.140,192.168.137.46,756,1553851177.296253
benign,192.168.137.46,151.101.53.140,66,1553851177.297592
benign,192.168.137.46,151.101.53.140,1514,1553851192.380905
benign,192.168.137.46,151.101.53.140,692,1553851192.386452
benign,151.101.53.140,192.168.137.46,78,1553851192.414654
benign,151.101.53.140,192.168.137.46,78,1553851192.418394
benign,192.168.137.46,151.101.53.140,692,1553851192.439508
benign,192.168.137.46,151.101.53.140,1514,1553851192.440689
benign,192.168.137.46,151.101.53.140,1514,1553851192.441654
benign,151.101.53.140,192.168.137.46,86,1553851192.469711
benign,151.101.53.140,192.168.137.46,66,1553851192.47545
benign,151.101.53.140,192.168.137.46,108,1553851192.475559
benign,192.168.137.46,151.101.53.140,66,1553851192.502393
benign,151.101.53.140,192.168.137.46,178,1553851192.542166
benign,192.168.137.46,151.101.53.140,66,1553851192.543452
benign,192.168.137.46,52.207.39.134,1126,1553851201.635329
benign,192.168.137.46,52.207.39.134,1514,1553851201.661563
benign,192.168.137.46,52.207.39.134,1514,1553851201.661855
benign,192.168.137.46,52.207.39.134,1514,1553851201.662334
benign,192.168.137.46,52.207.39.134,1514,1553851201.664861
benign,192.168.137.46,52.207.39.134,1514,1553851201.665843
benign,192.168.137.46,52.207.39.134,1514,1553851201.666179
benign,192.168.137.46,52.207.39.134,1514,1553851201.666686
benign,192.168.137.46,52.207.39.134,1514,1553851201.667147
benign,192.168.137.46,52.207.39.134,1514,1553851201.667502
benign,52.207.39.134,192.168.137.46,66,1553851201.747345
benign,192.168.137.46,52.207.39.134,1514,1553851201.749811
benign,192.168.137.46,52.207.39.134,1514,1553851201.750046
benign,192.168.137.46,52.207.39.134,1514,1553851201.750606
benign,52.207.39.134,192.168.137.46,66,1553851201.752121
benign,52.207.39.134,192.168.137.46,66,1553851201.752648
benign,192.168.137.46,52.207.39.134,1514,1553851201.753887
benign,192.168.137.46,52.207.39.134,1514,1553851201.754867
benign,192.168.137.46,52.207.39.134,1514,1553851201.755728
benign,192.168.137.46,52.207.39.134,484,1553851201.75608
benign,52.207.39.134,192.168.137.46,66,1553851201.795901
benign,52.207.39.134,192.168.137.46,66,1553851201.831695
benign,52.207.39.134,192.168.137.46,66,1553851201.838144
benign,52.207.39.134,192.168.137.46,66,1553851201.838225
benign,52.207.39.134,192.168.137.46,66,1553851201.842919
benign,52.207.39.134,192.168.137.46,66,1553851201.843
benign,52.207.39.134,192.168.137.46,228,1553851201.846293
benign,192.168.137.46,52.207.39.134,66,1553851201.847541
benign,192.168.137.46,151.101.53.140,703,1553851206.084965
benign,151.101.53.140,192.168.137.46,108,1553851206.118057
benign,192.168.137.46,151.101.53.140,66,1553851206.11939
benign,151.101.53.140,192.168.137.46,555,1553851206.194019
benign,192.168.137.46,151.101.53.140,66,1553851206.195686
benign,192.168.137.46,151.101.53.140,530,1553851207.548522
benign,151.101.53.140,192.168.137.46,108,1553851207.581383
benign,192.168.137.46,151.101.53.140,66,1553851207.582861
benign,151.101.53.140,192.168.137.46,555,1553851207.658375
benign,192.168.137.46,151.101.53.140,66,1553851207.659811
benign,192.168.137.46,151.101.53.140,736,1553851221.704982
benign,151.101.53.140,192.168.137.46,108,1553851221.737629
benign,192.168.137.46,151.101.53.140,66,1553851221.738909
benign,151.101.53.140,192.168.137.46,575,1553851221.81951
benign,192.168.137.46,151.101.53.140,66,1553851221.820643
benign,192.168.137.46,151.101.53.140,488,1553851222.28031
benign,151.101.53.140,192.168.137.46,108,1553851222.310057
benign,192.168.137.46,151.101.53.140,66,1553851222.311203
benign,151.101.53.140,192.168.137.46,536,1553851222.38907
benign,192.168.137.46,151.101.53.140,66,1553851222.390409
benign,192.168.137.46,151.101.53.140,558,1553851224.569238
benign,151.101.53.140,192.168.137.46,108,1553851224.602251
benign,192.168.137.46,151.101.53.140,66,1553851224.603566
benign,151.101.53.140,192.168.137.46,784,1553851224.678215
benign,192.168.137.46,151.101.53.140,66,1553851224.679556
benign,192.168.137.46,151.101.53.140,633,1553851244.406248
benign,151.101.53.140,192.168.137.46,108,1553851244.438678
benign,192.168.137.46,151.101.53.140,66,1553851244.440265
benign,151.101.53.140,192.168.137.46,534,1553851244.697592
benign,151.101.53.140,192.168.137.46,534,1553851244.948068
benign,192.168.137.46,151.101.53.140,66,1553851244.99106
benign,192.168.137.46,151.101.53.140,78,1553851244.991221
benign,192.168.137.46,151.101.53.140,784,1553851253.534398
benign,151.101.53.140,192.168.137.46,108,1553851253.568316
benign,192.168.137.46,151.101.53.140,66,1553851253.569563
benign,151.101.53.140,192.168.137.46,533,1553851253.642325
benign,192.168.137.46,151.101.53.140,66,1553851253.717998
benign,192.168.137.46,52.207.39.134,1126,1553851263.241933
benign,192.168.137.46,52.207.39.134,1514,1553851263.27372
benign,192.168.137.46,52.207.39.134,1514,1553851263.274176
benign,192.168.137.46,52.207.39.134,1514,1553851263.274982
benign,192.168.137.46,52.207.39.134,1514,1553851263.275366
benign,192.168.137.46,52.207.39.134,1514,1553851263.275719
benign,192.168.137.46,52.207.39.134,1514,1553851263.276176
benign,192.168.137.46,52.207.39.134,1514,1553851263.277739
benign,192.168.137.46,52.207.39.134,1514,1553851263.278686
benign,192.168.137.46,52.207.39.134,1514,1553851263.27905
benign,52.207.39.134,192.168.137.46,66,1553851263.358859
benign,192.168.137.46,52.207.39.134,1514,1553851263.360191
benign,192.168.137.46,52.207.39.134,1514,1553851263.361526
benign,192.168.137.46,52.207.39.134,1514,1553851263.361774
benign,52.207.39.134,192.168.137.46,66,1553851263.364835
benign,52.207.39.134,192.168.137.46,66,1553851263.364937
benign,52.207.39.134,192.168.137.46,66,1553851263.365329
benign,192.168.137.46,52.207.39.134,1514,1553851263.366127
benign,192.168.137.46,52.207.39.134,1514,1553851263.367274
benign,192.168.137.46,52.207.39.134,1514,1553851263.367486
benign,192.168.137.46,52.207.39.134,1514,1553851263.367969
benign,192.168.137.46,52.207.39.134,958,1553851263.36816
benign,52.207.39.134,192.168.137.46,66,1553851263.447603
benign,52.207.39.134,192.168.137.46,66,1553851263.453359
benign,52.207.39.134,192.168.137.46,66,1553851263.454097
benign,52.207.39.134,192.168.137.46,228,1553851263.459216
benign,192.168.137.46,52.207.39.134,66,1553851263.460654
benign,192.168.137.46,151.101.53.140,528,1553851264.622406
benign,151.101.53.140,192.168.137.46,108,1553851264.656118
benign,192.168.137.46,151.101.53.140,66,1553851264.657581
benign,151.101.53.140,192.168.137.46,555,1553851264.736103
benign,192.168.137.46,151.101.53.140,66,1553851264.737534
benign,192.168.137.46,151.101.53.140,689,1553851279.176888
benign,151.101.53.140,192.168.137.46,108,1553851279.209819
benign,192.168.137.46,151.101.53.140,66,1553851279.211097
benign,151.101.53.140,192.168.137.46,530,1553851279.286564
benign,192.168.137.46,151.101.53.140,66,1553851279.288553
benign,192.168.137.46,151.101.53.140,498,1553851280.403473
benign,151.101.53.140,192.168.137.46,108,1553851280.43682
benign,192.168.137.46,151.101.53.140,66,1553851280.438043
benign,151.101.53.140,192.168.137.46,756,1553851280.514633
benign,192.168.137.46,151.101.53.140,66,1553851280.515945
benign,192.168.137.46,151.101.53.140,504,1553851283.771647
benign,151.101.53.140,192.168.137.46,108,1553851283.804525
benign,192.168.137.46,151.101.53.140,66,1553851283.805751
benign,151.101.53.140,192.168.137.46,525,1553851283.88738
benign,192.168.137.46,151.101.53.140,66,1553851283.888956
benign,192.168.137.46,151.101.53.140,1514,1553851314.848969
benign,192.168.137.46,151.101.53.140,1514,1553851314.849426
benign,192.168.137.46,151.101.53.140,692,1553851314.850707
benign,151.101.53.140,192.168.137.46,78,1553851314.882782
benign,151.101.53.140,192.168.137.46,78,1553851314.887514
benign,151.101.53.140,192.168.137.46,78,1553851314.887568
benign,192.168.137.46,151.101.53.140,1514,1553851315.137224
benign,151.101.53.140,192.168.137.46,66,1553851315.167475
benign,151.101.53.140,192.168.137.46,108,1553851315.167578
benign,151.101.53.140,192.168.137.46,178,1553851315.244861
benign,192.168.137.46,151.101.53.140,66,1553851315.252841
benign,192.168.137.46,151.101.53.140,66,1553851315.253133
benign,192.168.137.46,52.207.39.134,1126,1553851324.586781
benign,192.168.137.46,52.207.39.134,1514,1553851324.587623
benign,192.168.137.46,52.207.39.134,1514,1553851324.587934
benign,192.168.137.46,52.207.39.134,1514,1553851324.588344
benign,192.168.137.46,52.207.39.134,1514,1553851324.589452
benign,192.168.137.46,52.207.39.134,1514,1553851324.590442
benign,192.168.137.46,52.207.39.134,1514,1553851324.591356
benign,192.168.137.46,52.207.39.134,1514,1553851324.591767
benign,192.168.137.46,52.207.39.134,1514,1553851324.592144
benign,192.168.137.46,52.207.39.134,1514,1553851324.592518
benign,52.207.39.134,192.168.137.46,66,1553851324.678564
benign,52.207.39.134,192.168.137.46,66,1553851324.679142
benign,192.168.137.46,52.207.39.134,1514,1553851324.680027
benign,52.207.39.134,192.168.137.46,66,1553851324.680155
benign,192.168.137.46,52.207.39.134,1514,1553851324.680352
benign,192.168.137.46,52.207.39.134,1514,1553851324.680872
benign,192.168.137.46,52.207.39.134,1514,1553851324.681776
benign,52.207.39.134,192.168.137.46,66,1553851324.681841
benign,192.168.137.46,52.207.39.134,1514,1553851324.682863
benign,192.168.137.46,52.207.39.134,1514,1553851324.683201
benign,192.168.137.46,52.207.39.134,1514,1553851324.684134
benign,192.168.137.46,52.207.39.134,1514,1553851324.68492
benign,192.168.137.46,52.207.39.134,1514,1553851324.685294
benign,192.168.137.46,52.207.39.134,1514,1553851324.688114
benign,52.207.39.134,192.168.137.46,66,1553851324.768265
benign,52.207.39.134,192.168.137.46,66,1553851324.769556
benign,52.207.39.134,192.168.137.46,66,1553851324.770207
benign,192.168.137.46,52.207.39.134,1514,1553851324.770389
benign,192.168.137.46,52.207.39.134,1514,1553851324.771895
benign,192.168.137.46,52.207.39.134,930,1553851324.772696
benign,52.207.39.134,192.168.137.46,66,1553851324.773374
benign,52.207.39.134,192.168.137.46,66,1553851324.857975
benign,52.207.39.134,192.168.137.46,66,1553851324.901666
benign,52.207.39.134,192.168.137.46,228,1553851325.358328
benign,192.168.137.46,52.207.39.134,66,1553851325.478871
benign,192.168.137.46,151.101.53.140,525,1553851330.434976
benign,151.101.53.140,192.168.137.46,108,1553851330.467561
benign,192.168.137.46,151.101.53.140,66,1553851330.468763
benign,151.101.53.140,192.168.137.46,529,1553851330.544455
benign,192.168.137.46,151.101.53.140,66,1553851330.545662
benign,192.168.137.46,151.101.53.140,691,1553851343.663904
benign,151.101.53.140,192.168.137.46,108,1553851343.696775
benign,192.168.137.46,151.101.53.140,66,1553851343.698135
benign,151.101.53.140,192.168.137.46,553,1553851343.77269
benign,192.168.137.46,151.101.53.140,66,1553851343.773918
benign,216.58.217.37,192.168.137.46,129,1553851362.328184
benign,216.58.217.37,192.168.137.46,66,1553851362.32844
benign,216.58.217.37,192.168.137.46,66,1553851362.397824
benign,192.168.137.46,216.58.217.37,78,1553851362.418111
benign,192.168.137.46,216.58.217.37,97,1553851362.41828
benign,192.168.137.46,216.58.217.37,66,1553851362.418948
benign,216.58.217.37,192.168.137.46,54,1553851362.452788
benign,216.58.217.37,192.168.137.46,54,1553851362.453705
benign,192.168.137.46,151.101.53.140,502,1553851364.53244
benign,151.101.53.140,192.168.137.46,108,1553851364.565542
benign,192.168.137.46,151.101.53.140,66,1553851364.567043
benign,151.101.53.140,192.168.137.46,527,1553851364.640299
benign,192.168.137.46,151.101.53.140,66,1553851364.641496
benign,192.168.137.46,151.101.53.140,725,1553851379.600443
benign,151.101.53.140,192.168.137.46,108,1553851379.634
benign,192.168.137.46,151.101.53.140,66,1553851379.635224
benign,151.101.53.140,192.168.137.46,754,1553851379.723848
benign,192.168.137.46,151.101.53.140,66,1553851379.725561
benign,192.168.137.46,52.207.39.134,1126,1553851388.111005
benign,192.168.137.46,52.207.39.134,1514,1553851388.11922
benign,192.168.137.46,52.207.39.134,1514,1553851388.119526
benign,192.168.137.46,52.207.39.134,1514,1553851388.119869
benign,192.168.137.46,52.207.39.134,1514,1553851388.120217
benign,192.168.137.46,52.207.39.134,1514,1553851388.120612
benign,192.168.137.46,52.207.39.134,1514,1553851388.120961
benign,192.168.137.46,52.207.39.134,1514,1553851388.121281
benign,192.168.137.46,52.207.39.134,1514,1553851388.121626
benign,192.168.137.46,52.207.39.134,1514,1553851388.121953
benign,52.207.39.134,192.168.137.46,66,1553851388.195309
benign,192.168.137.46,52.207.39.134,1514,1553851388.197255
benign,52.207.39.134,192.168.137.46,66,1553851388.205182
benign,52.207.39.134,192.168.137.46,66,1553851388.205278
benign,52.207.39.134,192.168.137.46,66,1553851388.206035
benign,192.168.137.46,52.207.39.134,1514,1553851388.206801
benign,52.207.39.134,192.168.137.46,66,1553851388.208731
benign,192.168.137.46,52.207.39.134,1514,1553851388.209473
benign,192.168.137.46,52.207.39.134,1514,1553851388.212169
benign,192.168.137.46,52.207.39.134,1514,1553851388.212385
benign,192.168.137.46,52.207.39.134,1514,1553851388.212828
benign,192.168.137.46,52.207.39.134,1514,1553851388.213203
benign,192.168.137.46,52.207.39.134,1514,1553851388.214505
benign,192.168.137.46,52.207.39.134,1514,1553851388.215503
benign,192.168.137.46,52.207.39.134,1514,1553851388.216663
benign,52.207.39.134,192.168.137.46,66,1553851388.278907
benign,192.168.137.46,52.207.39.134,786,1553851388.280356
benign,52.207.39.134,192.168.137.46,66,1553851388.288595
benign,52.207.39.134,192.168.137.46,66,1553851388.294328
benign,52.207.39.134,192.168.137.46,66,1553851388.300899
benign,52.207.39.134,192.168.137.46,66,1553851388.302246
benign,52.207.39.134,192.168.137.46,66,1553851388.302747
benign,52.207.39.134,192.168.137.46,66,1553851388.361741
benign,52.207.39.134,192.168.137.46,228,1553851388.365871
benign,192.168.137.46,52.207.39.134,66,1553851388.367195
benign,192.168.137.46,151.101.53.140,558,1553851396.464511
benign,151.101.53.140,192.168.137.46,108,1553851396.497896
benign,192.168.137.46,151.101.53.140,66,1553851396.499116
benign,151.101.53.140,192.168.137.46,527,1553851396.580999
benign,192.168.137.46,151.101.53.140,66,1553851396.600297
benign,192.168.137.46,151.101.53.140,559,1553851397.062615
benign,151.101.53.140,192.168.137.46,108,1553851397.092973
benign,192.168.137.46,151.101.53.140,66,1553851397.09424
benign,151.101.53.140,192.168.137.46,503,1553851397.172537
benign,192.168.137.46,151.101.53.140,66,1553851397.173785
benign,192.168.137.46,151.101.53.140,556,1553851440.031652
benign,151.101.53.140,192.168.137.46,108,1553851440.065135
benign,192.168.137.46,151.101.53.140,66,1553851440.066359
benign,151.101.53.140,192.168.137.46,519,1553851440.145144
benign,192.168.137.46,151.101.53.140,66,1553851440.146448
benign,192.168.137.46,151.101.53.140,1514,1553851441.067785
benign,192.168.137.46,151.101.53.140,1514,1553851441.071776
benign,192.168.137.46,151.101.53.140,1514,1553851441.072033
benign,192.168.137.46,151.101.53.140,1514,1553851441.073649
benign,151.101.53.140,192.168.137.46,66,1553851441.108518
benign,192.168.137.46,151.101.53.140,1243,1553851441.109747
benign,151.101.53.140,192.168.137.46,66,1553851441.141361
benign,151.101.53.140,192.168.137.46,108,1553851441.14142
benign,192.168.137.46,151.101.53.140,66,1553851441.142801
benign,151.101.53.140,192.168.137.46,178,1553851441.207299
benign,192.168.137.46,151.101.53.140,66,1553851441.208384
benign,192.168.137.46,151.101.53.140,661,1553851450.317609
benign,151.101.53.140,192.168.137.46,108,1553851450.351081
benign,192.168.137.46,151.101.53.140,66,1553851450.352527
benign,192.168.137.46,52.207.39.134,1126,1553851450.38183
benign,192.168.137.46,52.207.39.134,1514,1553851450.382092
benign,192.168.137.46,52.207.39.134,1514,1553851450.382493
benign,192.168.137.46,52.207.39.134,1514,1553851450.385916
benign,192.168.137.46,52.207.39.134,1514,1553851450.386137
benign,192.168.137.46,52.207.39.134,1514,1553851450.386635
benign,192.168.137.46,52.207.39.134,1514,1553851450.386849
benign,192.168.137.46,52.207.39.134,1514,1553851450.38736
benign,192.168.137.46,52.207.39.134,1514,1553851450.387561
benign,192.168.137.46,52.207.39.134,1514,1553851450.38807
benign,151.101.53.140,192.168.137.46,528,1553851450.436983
benign,192.168.137.46,151.101.53.140,66,1553851450.43814
benign,52.207.39.134,192.168.137.46,66,1553851450.473051
benign,52.207.39.134,192.168.137.46,66,1553851450.473836
benign,52.207.39.134,192.168.137.46,66,1553851450.474817
benign,192.168.137.46,52.207.39.134,1514,1553851450.47482
benign,192.168.137.46,52.207.39.134,1514,1553851450.475672
benign,52.207.39.134,192.168.137.46,66,1553851450.475853
benign,192.168.137.46,52.207.39.134,1514,1553851450.47926
benign,192.168.137.46,52.207.39.134,1514,1553851450.479457
benign,192.168.137.46,52.207.39.134,1514,1553851450.47995
benign,192.168.137.46,52.207.39.134,1514,1553851450.480206
benign,192.168.137.46,52.207.39.134,1514,1553851450.480558
benign,192.168.137.46,52.207.39.134,1514,1553851450.480905
benign,192.168.137.46,52.207.39.134,1514,1553851450.481269
benign,192.168.137.46,52.207.39.134,254,1553851450.481551
benign,52.207.39.134,192.168.137.46,66,1553851450.562769
benign,52.207.39.134,192.168.137.46,66,1553851450.568109
benign,52.207.39.134,192.168.137.46,66,1553851450.569307
benign,52.207.39.134,192.168.137.46,66,1553851450.569399
benign,52.207.39.134,192.168.137.46,228,1553851450.573001
benign,192.168.137.46,52.207.39.134,66,1553851450.574355
benign,192.168.137.46,151.101.53.140,497,1553851454.49891
benign,151.101.53.140,192.168.137.46,108,1553851454.531817
benign,192.168.137.46,151.101.53.140,66,1553851454.532885
benign,151.101.53.140,192.168.137.46,753,1553851454.61459
benign,192.168.137.46,151.101.53.140,66,1553851454.616053
benign,192.168.137.46,151.101.53.140,693,1553851460.715458
benign,151.101.53.140,192.168.137.46,108,1553851460.748895
benign,192.168.137.46,151.101.53.140,66,1553851460.751823
benign,151.101.53.140,192.168.137.46,529,1553851460.830787
benign,192.168.137.46,151.101.53.140,66,1553851460.8319
benign,192.168.137.46,151.101.53.140,507,1553851463.664646
benign,151.101.53.140,192.168.137.46,108,1553851463.698901
benign,192.168.137.46,151.101.53.140,66,1553851463.700378
benign,151.101.53.140,192.168.137.46,529,1553851463.777424
benign,192.168.137.46,151.101.53.140,66,1553851463.778844
benign,192.168.137.46,151.101.53.140,514,1553851465.426052
benign,151.101.53.140,192.168.137.46,108,1553851465.459827
benign,192.168.137.46,151.101.53.140,66,1553851465.461346
benign,151.101.53.140,192.168.137.46,546,1553851465.544581
benign,192.168.137.46,151.101.53.140,66,1553851465.545807
benign,192.168.137.46,151.101.53.140,550,1553851468.702987
benign,151.101.53.140,192.168.137.46,108,1553851468.735356
benign,192.168.137.46,151.101.53.140,66,1553851468.736504
benign,151.101.53.140,192.168.137.46,500,1553851469.604288
benign,192.168.137.46,151.101.53.140,66,1553851469.763503
benign,192.168.137.46,151.101.53.140,699,1553851476.646781
benign,151.101.53.140,192.168.137.46,108,1553851476.680104
benign,192.168.137.46,151.101.53.140,66,1553851476.681848
benign,151.101.53.140,192.168.137.46,754,1553851476.772497
benign,192.168.137.46,151.101.53.140,66,1553851476.774053
benign,192.168.137.46,151.101.53.140,539,1553851482.09057
benign,151.101.53.140,192.168.137.46,108,1553851482.124697
benign,192.168.137.46,151.101.53.140,66,1553851482.125819
benign,151.101.53.140,192.168.137.46,528,1553851482.203859
benign,192.168.137.46,151.101.53.140,66,1553851482.204942
benign,192.168.137.46,151.101.53.140,1051,1553851500.55771
benign,151.101.53.140,192.168.137.46,108,1553851500.594784
benign,192.168.137.46,151.101.53.140,66,1553851500.596132
benign,151.101.53.140,192.168.137.46,178,1553851500.659519
benign,192.168.137.46,151.101.53.140,66,1553851500.673741
benign,192.168.137.46,52.207.39.134,1126,1553851514.557289
benign,192.168.137.46,52.207.39.134,1514,1553851514.580255
benign,192.168.137.46,52.207.39.134,1514,1553851514.580608
benign,192.168.137.46,52.207.39.134,1514,1553851514.581298
benign,192.168.137.46,52.207.39.134,1514,1553851514.581647
benign,192.168.137.46,52.207.39.134,1514,1553851514.581994
benign,192.168.137.46,52.207.39.134,1514,1553851514.583431
benign,192.168.137.46,52.207.39.134,1514,1553851514.58379
benign,192.168.137.46,52.207.39.134,1514,1553851514.584129
benign,192.168.137.46,52.207.39.134,1514,1553851514.584475
benign,52.207.39.134,192.168.137.46,66,1553851514.666179
benign,192.168.137.46,52.207.39.134,1016,1553851514.668924
benign,52.207.39.134,192.168.137.46,66,1553851514.671017
benign,52.207.39.134,192.168.137.46,66,1553851514.671344
benign,52.207.39.134,192.168.137.46,66,1553851514.712725
benign,52.207.39.134,192.168.137.46,66,1553851514.750405
benign,52.207.39.134,192.168.137.46,228,1553851514.78874
benign,192.168.137.46,52.207.39.134,66,1553851514.791558
